Date,Open,High,Low,Close,Volume,Dividends,Stock Splits
2020-06-17 00:00:00-04:00,274849.0,275000.0,270870.0,275000.0,800,0.0,0.0
2020-06-18 00:00:00-04:00,270500.0,273000.0,269300.0,273000.0,800,0.0,0.0
2020-06-19 00:00:00-04:00,274160.0,274429.0,268807.0,271600.0,900,0.0,0.0
2020-06-22 00:00:00-04:00,269047.0,272000.0,268200.0,272000.0,900,0.0,0.0
2020-06-23 00:00:00-04:00,272750.0,273790.0,271115.0,272700.0,900,0.0,0.0
2020-06-24 00:00:00-04:00,269800.0,269800.0,266200.0,266440.0,700,0.0,0.0
2020-06-25 00:00:00-04:00,265000.0,269678.0,264611.0,267840.0,400,0.0,0.0
2020-06-26 00:00:00-04:00,267500.0,268109.0,262700.0,263400.0,800,0.0,0.0
2020-06-29 00:00:00-04:00,264320.0,265803.0,263600.0,265219.0,400,0.0,0.0
2020-06-30 00:00:00-04:00,265400.0,268600.0,265067.0,267300.0,500,0.0,0.0
2020-07-01 00:00:00-04:00,267600.0,270500.0,266357.0,267020.0,400,0.0,0.0
2020-07-02 00:00:00-04:00,270800.0,271500.0,267420.0,267551.0,500,0.0,0.0
2020-07-06 00:00:00-04:00,274180.0,275080.0,272600.0,274050.0,500,0.0,0.0
2020-07-07 00:00:00-04:00,272830.0,273870.0,271057.0,271640.0,400,0.0,0.0
2020-07-08 00:00:00-04:00,271000.0,273664.0,270076.0,271770.0,300,0.0,0.0
2020-07-09 00:00:00-04:00,271770.0,272220.0,267307.0,268780.0,400,0.0,0.0
2020-07-10 00:00:00-04:00,268238.0,274450.0,268000.0,273900.0,300,0.0,0.0
2020-07-13 00:00:00-04:00,275540.0,278640.0,275100.0,276015.0,500,0.0,0.0
2020-07-14 00:00:00-04:00,274000.0,285000.0,274000.0,284780.0,400,0.0,0.0
2020-07-15 00:00:00-04:00,289500.0,289730.0,283620.0,285520.0,500,0.0,0.0
2020-07-16 00:00:00-04:00,282560.0,287770.0,282560.0,286271.0,300,0.0,0.0
2020-07-17 00:00:00-04:00,287540.0,288170.0,285972.0,286140.0,300,0.0,0.0
2020-07-20 00:00:00-04:00,285400.0,286900.0,284450.0,285590.0,200,0.0,0.0
2020-07-21 00:00:00-04:00,286721.0,290170.0,286600.0,288201.0,500,0.0,0.0
2020-07-22 00:00:00-04:00,287000.0,288319.0,286211.0,287961.0,200,0.0,0.0
2020-07-23 00:00:00-04:00,287961.0,290084.0,287436.0,289436.0,300,0.0,0.0
2020-07-24 00:00:00-04:00,290684.0,294254.0,290521.0,291621.0,300,0.0,0.0
2020-07-27 00:00:00-04:00,290590.0,290692.0,287850.0,288107.0,300,0.0,0.0
2020-07-28 00:00:00-04:00,286000.0,291720.0,286000.0,290940.0,300,0.0,0.0
2020-07-29 00:00:00-04:00,290940.0,294870.0,290940.0,294496.0,300,0.0,0.0
2020-07-30 00:00:00-04:00,290335.0,291927.0,288610.0,291362.0,200,0.0,0.0
2020-07-31 00:00:00-04:00,291750.0,293798.0,290150.0,293631.0,300,0.0,0.0
2020-08-03 00:00:00-04:00,295000.0,301000.0,294510.0,298800.0,500,0.0,0.0
2020-08-04 00:00:00-04:00,298000.0,300330.0,297470.0,300330.0,300,0.0,0.0
2020-08-05 00:00:00-04:00,301871.0,306970.0,301200.0,305200.0,600,0.0,0.0
2020-08-06 00:00:00-04:00,305000.0,308000.0,304820.0,307455.0,41400,0.0,0.0
2020-08-07 00:00:00-04:00,305681.0,314365.0,305681.0,314334.0,400,0.0,0.0
2020-08-10 00:00:00-04:00,316820.0,319250.0,314240.0,318830.0,400,0.0,0.0
2020-08-11 00:00:00-04:00,322500.0,323500.0,318500.0,319380.0,500,0.0,0.0
2020-08-12 00:00:00-04:00,320255.0,321229.0,318801.0,320000.0,400,0.0,0.0
2020-08-13 00:00:00-04:00,318500.0,319810.0,317471.0,318114.0,300,0.0,0.0
2020-08-14 00:00:00-04:00,317300.0,318000.0,315402.0,316251.0,200,0.0,0.0
2020-08-17 00:00:00-04:00,315139.0,315500.0,309747.0,310220.0,400,0.0,0.0
2020-08-18 00:00:00-04:00,310910.0,314800.0,310700.0,313419.0,200,0.0,0.0
2020-08-19 00:00:00-04:00,313745.0,315300.0,310412.0,310800.0,300,0.0,0.0
2020-08-20 00:00:00-04:00,307376.0,310107.0,307376.0,309300.0,300,0.0,0.0
2020-08-21 00:00:00-04:00,309000.0,312600.0,309000.0,311126.0,400,0.0,0.0
2020-08-24 00:00:00-04:00,315100.0,320000.0,314501.0,318800.0,400,0.0,0.0
2020-08-25 00:00:00-04:00,320300.0,321001.0,319534.0,319970.0,300,0.0,0.0
2020-08-26 00:00:00-04:00,319600.0,323939.0,318900.0,322301.0,400,0.0,0.0
2020-08-27 00:00:00-04:00,323700.0,327000.0,323700.0,325659.0,600,0.0,0.0
2020-08-28 00:00:00-04:00,325950.0,328279.0,323570.0,327431.0,300,0.0,0.0
2020-08-31 00:00:00-04:00,327500.0,329299.0,326900.0,327560.0,500,0.0,0.0
2020-09-01 00:00:00-04:00,325500.0,327560.0,325336.0,327440.0,300,0.0,0.0
2020-09-02 00:00:00-04:00,328175.0,333010.0,327507.0,332840.0,400,0.0,0.0
2020-09-03 00:00:00-04:00,332850.0,334960.0,325522.0,327360.0,600,0.0,0.0
2020-09-04 00:00:00-04:00,330000.0,332674.0,323364.0,327401.0,400,0.0,0.0
2020-09-08 00:00:00-04:00,324940.0,328859.0,323431.0,327200.0,400,0.0,0.0
2020-09-09 00:00:00-04:00,328500.0,332482.0,328175.0,329760.0,400,0.0,0.0
2020-09-10 00:00:00-04:00,330200.0,331000.0,326156.0,327214.0,400,0.0,0.0
2020-09-11 00:00:00-04:00,328240.0,328946.0,325607.0,327115.0,400,0.0,0.0
2020-09-14 00:00:00-04:00,328430.0,332000.0,327521.0,329725.0,500,0.0,0.0
2020-09-15 00:00:00-04:00,330545.0,332500.0,328016.0,328804.0,400,0.0,0.0
2020-09-16 00:00:00-04:00,331000.0,333300.0,329312.0,329801.0,600,0.0,0.0
2020-09-17 00:00:00-04:00,327000.0,328225.0,325234.0,326401.0,400,0.0,0.0
2020-09-18 00:00:00-04:00,328300.0,331660.0,327000.0,327601.0,800,0.0,0.0
2020-09-21 00:00:00-04:00,321266.0,323000.0,313580.0,319534.0,500,0.0,0.0
2020-09-22 00:00:00-04:00,320500.0,322000.0,318017.0,320601.0,300,0.0,0.0
2020-09-23 00:00:00-04:00,321485.0,322284.0,314540.0,314840.0,200,0.0,0.0
2020-09-24 00:00:00-04:00,313203.0,315500.0,310644.0,313780.0,300,0.0,0.0
2020-09-25 00:00:00-04:00,311450.0,316562.0,310591.0,315156.0,200,0.0,0.0
2020-09-28 00:00:00-04:00,319900.0,323297.0,318702.0,320061.0,500,0.0,0.0
2020-09-29 00:00:00-04:00,321900.0,321900.0,315200.0,315891.0,600,0.0,0.0
2020-09-30 00:00:00-04:00,318800.0,320500.0,316491.0,320001.0,700,0.0,0.0
2020-10-01 00:00:00-04:00,321219.0,321219.0,316203.0,318600.0,600,0.0,0.0
2020-10-02 00:00:00-04:00,315415.0,320575.0,314612.0,317480.0,300,0.0,0.0
2020-10-05 00:00:00-04:00,319707.0,321000.0,318202.0,319000.0,300,0.0,0.0
2020-10-06 00:00:00-04:00,319000.0,320400.0,315100.0,315350.0,300,0.0,0.0
2020-10-07 00:00:00-04:00,319000.0,322089.0,317602.0,319571.0,200,0.0,0.0
2020-10-08 00:00:00-04:00,321125.0,323670.0,320447.0,323275.0,300,0.0,0.0
2020-10-09 00:00:00-04:00,323709.0,324537.0,321687.0,323470.0,200,0.0,0.0
2020-10-12 00:00:00-04:00,324650.0,326150.0,323378.0,324560.0,200,0.0,0.0
2020-10-13 00:00:00-04:00,324000.0,324000.0,318400.0,318969.0,300,0.0,0.0
2020-10-14 00:00:00-04:00,319088.0,319088.0,316080.0,316080.0,300,0.0,0.0
2020-10-15 00:00:00-04:00,314750.0,318200.0,312980.0,317540.0,100,0.0,0.0
2020-10-16 00:00:00-04:00,319000.0,320761.0,318217.0,318504.0,200,0.0,0.0
2020-10-19 00:00:00-04:00,318819.0,318819.0,312945.0,313500.0,300,0.0,0.0
2020-10-20 00:00:00-04:00,316184.0,317280.0,314621.0,315375.0,200,0.0,0.0
2020-10-21 00:00:00-04:00,313500.0,317500.0,313450.0,315206.0,200,0.0,0.0
2020-10-22 00:00:00-04:00,314680.0,317619.0,314380.0,317180.0,200,0.0,0.0
2020-10-23 00:00:00-04:00,318672.0,320999.0,317991.0,319344.0,300,0.0,0.0
2020-10-26 00:00:00-04:00,314850.0,315500.0,311100.0,312735.0,300,0.0,0.0
2020-10-27 00:00:00-04:00,311630.0,313142.0,310540.0,310540.0,200,0.0,0.0
2020-10-28 00:00:00-04:00,304720.0,305995.0,300090.0,301740.0,500,0.0,0.0
2020-10-29 00:00:00-04:00,300420.0,304907.0,297817.0,303000.0,200,0.0,0.0
2020-10-30 00:00:00-04:00,300060.0,303700.0,298806.0,302500.0,200,0.0,0.0
2020-11-02 00:00:00-05:00,307500.0,309542.0,305242.0,306375.0,200,0.0,0.0
2020-11-03 00:00:00-05:00,312300.0,314780.0,310000.0,310659.0,400,0.0,0.0
2020-11-04 00:00:00-05:00,310194.0,315300.0,307830.0,309503.0,200,0.0,0.0
2020-11-05 00:00:00-05:00,314269.0,316426.0,311284.0,311934.0,200,0.0,0.0
2020-11-06 00:00:00-05:00,312250.0,315310.0,311917.0,313885.0,200,0.0,0.0
2020-11-09 00:00:00-05:00,333000.0,337600.0,327033.0,330600.0,1100,0.0,0.0
2020-11-10 00:00:00-05:00,332000.0,343000.0,331977.0,343000.0,600,0.0,0.0
2020-11-11 00:00:00-05:00,342433.0,343705.0,338224.0,341260.0,400,0.0,0.0
2020-11-12 00:00:00-05:00,337800.0,338339.0,335186.0,336811.0,300,0.0,0.0
2020-11-13 00:00:00-05:00,338000.0,342269.0,338000.0,341754.0,300,0.0,0.0
2020-11-16 00:00:00-05:00,345000.0,350000.0,344846.0,349540.0,700,0.0,0.0
2020-11-17 00:00:00-05:00,347000.0,352500.0,345417.0,349546.0,600,0.0,0.0
2020-11-18 00:00:00-05:00,351900.0,351900.0,345500.0,345592.0,300,0.0,0.0
2020-11-19 00:00:00-05:00,343634.0,345000.0,341897.0,345000.0,200,0.0,0.0
2020-11-20 00:00:00-05:00,343800.0,344849.0,340728.0,341339.0,200,0.0,0.0
2020-11-23 00:00:00-05:00,343500.0,345733.0,342380.0,344415.0,300,0.0,0.0
2020-11-24 00:00:00-05:00,349580.0,352450.0,347310.0,351101.0,400,0.0,0.0
2020-11-25 00:00:00-05:00,350939.0,351000.0,348446.0,350395.0,300,0.0,0.0
2020-11-27 00:00:00-05:00,350444.0,351040.0,346200.0,347401.0,200,0.0,0.0
2020-11-30 00:00:00-05:00,346000.0,346299.0,342672.0,343688.0,200,0.0,0.0
2020-12-01 00:00:00-05:00,346480.0,348272.0,344479.0,344735.0,200,0.0,0.0
2020-12-02 00:00:00-05:00,344300.0,345929.0,342900.0,345880.0,300,0.0,0.0
2020-12-03 00:00:00-05:00,345500.0,347300.0,343602.0,346690.0,200,0.0,0.0
2020-12-04 00:00:00-05:00,347000.0,348000.0,345900.0,347000.0,600,0.0,0.0
2020-12-07 00:00:00-05:00,344785.0,345500.0,342600.0,343539.0,600,0.0,0.0
2020-12-08 00:00:00-05:00,341888.0,343191.0,340126.0,342281.0,300,0.0,0.0
2020-12-09 00:00:00-05:00,342526.0,343000.0,340300.0,340501.0,300,0.0,0.0
2020-12-10 00:00:00-05:00,339750.0,341942.0,339061.0,340500.0,300,0.0,0.0
2020-12-11 00:00:00-05:00,338440.0,340415.0,337167.0,340064.0,200,0.0,0.0
2020-12-14 00:00:00-05:00,342200.0,342200.0,334041.0,335400.0,400,0.0,0.0
2020-12-15 00:00:00-05:00,336494.0,338920.0,334643.0,337154.0,500,0.0,0.0
2020-12-16 00:00:00-05:00,337154.0,338559.0,333333.0,338500.0,700,0.0,0.0
2020-12-17 00:00:00-05:00,335000.0,339804.0,333150.0,339804.0,900,0.0,0.0
2020-12-18 00:00:00-05:00,338000.0,338468.0,333865.0,337900.0,700,0.0,0.0
2020-12-21 00:00:00-05:00,333650.0,338419.0,333650.0,338419.0,500,0.0,0.0
2020-12-22 00:00:00-05:00,335535.0,336615.0,334500.0,335779.0,500,0.0,0.0
2020-12-23 00:00:00-05:00,336400.0,338533.0,336400.0,336700.0,400,0.0,0.0
2020-12-24 00:00:00-05:00,337000.0,341000.0,337000.0,340262.0,200,0.0,0.0
2020-12-28 00:00:00-05:00,342000.0,345250.0,341445.0,342601.0,500,0.0,0.0
2020-12-29 00:00:00-05:00,345144.0,346677.0,343975.0,344820.0,300,0.0,0.0
2020-12-30 00:00:00-05:00,344410.0,346111.0,343917.0,345095.0,200,0.0,0.0
2020-12-31 00:00:00-05:00,344302.0,348500.0,343806.0,347815.0,300,0.0,0.0
2021-01-04 00:00:00-05:00,347825.0,347825.0,340816.0,343525.0,400,0.0,0.0
2021-01-05 00:00:00-05:00,343900.0,344715.0,340850.0,341820.0,300,0.0,0.0
2021-01-06 00:00:00-05:00,343000.0,349000.0,342000.0,346189.0,900,0.0,0.0
2021-01-07 00:00:00-05:00,347900.0,351000.0,347120.0,350089.0,300,0.0,0.0
2021-01-08 00:00:00-05:00,350500.0,352039.0,348100.0,352039.0,200,0.0,0.0
2021-01-11 00:00:00-05:00,348100.0,351141.0,348073.0,350050.0,200,0.0,0.0
2021-01-12 00:00:00-05:00,350050.0,351250.0,348250.0,350460.0,200,0.0,0.0
2021-01-13 00:00:00-05:00,349147.0,353194.0,348140.0,353194.0,300,0.0,0.0
2021-01-14 00:00:00-05:00,353100.0,353698.0,351574.0,352801.0,100,0.0,0.0
2021-01-15 00:00:00-05:00,350540.0,352500.0,348500.0,350320.0,300,0.0,0.0
2021-01-19 00:00:00-05:00,351177.0,354837.0,348070.0,352474.0,300,0.0,0.0
2021-01-20 00:00:00-05:00,351975.0,353350.0,350639.0,352801.0,300,0.0,0.0
2021-01-21 00:00:00-05:00,354200.0,354835.0,352400.0,354000.0,500,0.0,0.0
2021-01-22 00:00:00-05:00,351800.0,351800.0,349500.0,350620.0,300,0.0,0.0
2021-01-25 00:00:00-05:00,349000.0,352085.0,347250.0,351900.0,400,0.0,0.0
2021-01-26 00:00:00-05:00,350191.0,351800.0,349025.0,349200.0,200,0.0,0.0
2021-01-27 00:00:00-05:00,346145.0,346645.0,341119.0,343450.0,500,0.0,0.0
2021-01-28 00:00:00-05:00,344340.0,351976.0,344340.0,348220.0,400,0.0,0.0
2021-01-29 00:00:00-05:00,344749.0,346355.0,343000.0,344100.0,300,0.0,0.0
2021-02-01 00:00:00-05:00,345000.0,346945.0,344250.0,346175.0,300,0.0,0.0
2021-02-02 00:00:00-05:00,348300.0,352000.0,348300.0,350201.0,400,0.0,0.0
2021-02-03 00:00:00-05:00,350200.0,351086.0,349250.0,350701.0,200,0.0,0.0
2021-02-04 00:00:00-05:00,351700.0,355000.0,351192.0,354760.0,400,0.0,0.0
2021-02-05 00:00:00-05:00,355750.0,356500.0,353846.0,354401.0,300,0.0,0.0
2021-02-08 00:00:00-05:00,355000.0,357100.0,354401.0,357100.0,300,0.0,0.0
2021-02-09 00:00:00-05:00,356588.0,362395.0,355021.0,362200.0,600,0.0,0.0
2021-02-10 00:00:00-05:00,363145.0,363232.0,360556.0,361290.0,300,0.0,0.0
2021-02-11 00:00:00-05:00,361061.0,362300.0,360109.0,361650.0,200,0.0,0.0
2021-02-12 00:00:00-05:00,359750.0,365725.0,359750.0,365000.0,400,0.0,0.0
2021-02-16 00:00:00-05:00,367658.0,372661.0,366000.0,369333.0,900,0.0,0.0
2021-02-17 00:00:00-05:00,368560.0,370873.0,368560.0,370500.0,500,0.0,0.0
2021-02-18 00:00:00-05:00,368885.0,370000.0,364760.0,367400.0,1300,0.0,0.0
2021-02-19 00:00:00-05:00,368865.0,369334.0,364000.0,364400.0,1300,0.0,0.0
2021-02-22 00:00:00-05:00,363380.0,371000.0,362860.0,369250.0,1700,0.0,0.0
2021-02-23 00:00:00-05:00,370488.0,371800.0,367236.0,371055.0,2900,0.0,0.0
2021-02-24 00:00:00-05:00,371183.0,376315.0,371123.0,375000.0,2600,0.0,0.0
2021-02-25 00:00:00-05:00,375233.0,377357.0,366401.0,367800.0,2200,0.0,0.0
2021-02-26 00:00:00-05:00,370220.0,374490.0,363680.0,364580.0,1900,0.0,0.0
2021-03-01 00:00:00-05:00,372555.0,378523.0,372176.0,377755.0,2900,0.0,0.0
2021-03-02 00:00:00-05:00,378323.0,380000.0,376933.0,377835.0,2300,0.0,0.0
2021-03-03 00:00:00-05:00,377573.0,385000.0,377500.0,381680.0,2400,0.0,0.0
2021-03-04 00:00:00-05:00,380443.0,382254.0,368430.0,370240.0,2600,0.0,0.0
2021-03-05 00:00:00-05:00,375823.0,383500.0,373595.0,381600.0,2500,0.0,0.0
2021-03-08 00:00:00-05:00,385571.0,391853.0,383700.0,388560.0,3000,0.0,0.0
2021-03-09 00:00:00-05:00,391168.0,397400.0,385800.0,391460.0,3200,0.0,0.0
2021-03-10 00:00:00-05:00,394113.0,407750.0,392015.0,398840.0,4200,0.0,0.0
2021-03-11 00:00:00-05:00,402495.0,402503.0,395062.0,396399.0,3100,0.0,0.0
2021-03-12 00:00:00-05:00,397900.0,401171.0,394701.0,394701.0,2400,0.0,0.0
2021-03-15 00:00:00-04:00,395785.0,395890.0,385131.0,386400.0,3000,0.0,0.0
2021-03-16 00:00:00-04:00,387095.0,387155.0,379212.0,382720.0,100,0.0,0.0
2021-03-17 00:00:00-04:00,382530.0,385832.0,380685.0,381501.0,3300,0.0,0.0
2021-03-18 00:00:00-04:00,384998.0,388630.0,381000.0,383525.0,2400,0.0,0.0
2021-03-19 00:00:00-04:00,382320.0,383613.0,377500.0,382698.0,2500,0.0,0.0
2021-03-22 00:00:00-04:00,381808.0,382352.0,378393.0,380403.0,2400,0.0,0.0
2021-03-23 00:00:00-04:00,379062.0,382000.0,376077.0,377440.0,1500,0.0,0.0
2021-03-24 00:00:00-04:00,379202.0,382155.0,377520.0,378000.0,1600,0.0,0.0
2021-03-25 00:00:00-04:00,378035.0,382600.0,374483.0,378700.0,1700,0.0,0.0
2021-03-26 00:00:00-04:00,383298.0,390000.0,381382.0,387995.0,1500,0.0,0.0
2021-03-29 00:00:00-04:00,384053.0,393484.0,383923.0,391540.0,2000,0.0,0.0
2021-03-30 00:00:00-04:00,393665.0,394300.0,388811.0,390360.0,1800,0.0,0.0
2021-03-31 00:00:00-04:00,388813.0,390300.0,385702.0,385702.0,1700,0.0,0.0
2021-04-01 00:00:00-04:00,387979.0,390984.0,385702.0,390360.0,1500,0.0,0.0
2021-04-05 00:00:00-04:00,392700.0,396770.0,392400.0,395535.0,1800,0.0,0.0
2021-04-06 00:00:00-04:00,395913.0,397890.0,394838.0,396900.0,1300,0.0,0.0
2021-04-07 00:00:00-04:00,395730.0,398000.0,394500.0,395888.0,300,0.0,0.0
2021-04-08 00:00:00-04:00,395476.0,396985.0,393973.0,396001.0,1100,0.0,0.0
2021-04-09 00:00:00-04:00,397126.0,400000.0,396122.0,400000.0,1400,0.0,0.0
2021-04-12 00:00:00-04:00,401426.0,403421.0,400734.0,402620.0,2000,0.0,0.0
2021-04-13 00:00:00-04:00,401668.0,403474.0,400372.0,402500.0,1800,0.0,0.0
2021-04-14 00:00:00-04:00,402789.0,404150.0,402000.0,403000.0,1800,0.0,0.0
2021-04-15 00:00:00-04:00,403338.0,404999.0,400835.0,404789.0,1700,0.0,0.0
2021-04-16 00:00:00-04:00,405752.0,410400.0,405752.0,409250.0,3000,0.0,0.0
2021-04-19 00:00:00-04:00,410748.0,410748.0,404676.0,406505.0,2200,0.0,0.0
2021-04-20 00:00:00-04:00,404610.0,405340.0,401749.0,403089.0,1700,0.0,0.0
2021-04-21 00:00:00-04:00,403656.0,410165.0,403603.0,410153.0,1700,0.0,0.0
2021-04-22 00:00:00-04:00,409935.0,410000.0,405256.0,405901.0,1800,0.0,0.0
2021-04-23 00:00:00-04:00,407088.0,410738.0,406611.0,408840.0,1700,0.0,0.0
2021-04-26 00:00:00-04:00,410493.0,412474.0,407250.0,407527.0,1900,0.0,0.0
2021-04-27 00:00:00-04:00,408144.0,412229.0,406482.0,411400.0,1500,0.0,0.0
2021-04-28 00:00:00-04:00,410514.0,411811.0,409355.0,410988.0,1600,0.0,0.0
2021-04-29 00:00:00-04:00,412758.0,417905.0,412000.0,417905.0,2000,0.0,0.0
2021-04-30 00:00:00-04:00,415438.0,417144.0,412000.0,412500.0,2100,0.0,0.0
2021-05-03 00:00:00-04:00,418962.0,422648.0,417272.0,420000.0,3100,0.0,0.0
2021-05-04 00:00:00-04:00,419095.0,421850.0,410850.0,421420.0,2600,0.0,0.0
2021-05-05 00:00:00-04:00,425220.0,427435.0,424306.0,424840.0,3000,0.0,0.0
2021-05-06 00:00:00-04:00,426700.0,435744.0,426700.0,435120.0,3200,0.0,0.0
2021-05-07 00:00:00-04:00,436188.0,445000.0,432827.0,437131.0,2700,0.0,0.0
2021-05-10 00:00:00-04:00,439132.0,443275.0,439132.0,439460.0,3200,0.0,0.0
2021-05-11 00:00:00-04:00,435581.0,436871.0,427913.0,430258.0,2500,0.0,0.0
2021-05-12 00:00:00-04:00,428607.0,431200.0,423077.0,425308.0,1800,0.0,0.0
2021-05-13 00:00:00-04:00,425536.0,433541.0,424100.0,430640.0,2400,0.0,0.0
2021-05-14 00:00:00-04:00,433996.0,437413.0,433996.0,437260.0,2100,0.0,0.0
2021-05-17 00:00:00-04:00,435915.0,436131.0,432747.0,434324.0,1700,0.0,0.0
2021-05-18 00:00:00-04:00,435440.0,435960.0,431767.0,431767.0,1300,0.0,0.0
2021-05-19 00:00:00-04:00,426931.0,430720.0,424575.0,430720.0,1700,0.0,0.0
2021-05-20 00:00:00-04:00,432773.0,435000.0,429880.0,431422.0,1600,0.0,0.0
2021-05-21 00:00:00-04:00,431656.0,435200.0,431000.0,432469.0,1300,0.0,0.0
2021-05-24 00:00:00-04:00,435273.0,437001.0,433287.0,435431.0,1300,0.0,0.0
2021-05-25 00:00:00-04:00,437298.0,438445.0,431784.0,432274.0,1400,0.0,0.0
2021-05-26 00:00:00-04:00,434366.0,434366.0,429765.0,432800.0,1500,0.0,0.0
2021-05-27 00:00:00-04:00,433250.0,436000.0,431175.0,435420.0,1500,0.0,0.0
2021-05-28 00:00:00-04:00,435623.0,436430.0,433637.0,436000.0,1300,0.0,0.0
2021-06-01 00:00:00-04:00,438718.0,439100.0,434255.0,435304.0,1700,0.0,0.0
2021-06-02 00:00:00-04:00,437556.0,437950.0,434647.0,435639.0,1900,0.0,0.0
2021-06-03 00:00:00-04:00,433050.0,440158.0,433050.0,438745.0,2000,0.0,0.0
2021-06-04 00:00:00-04:00,441063.0,441063.0,437769.0,439016.0,1400,0.0,0.0
2021-06-07 00:00:00-04:00,440598.0,440598.0,433962.0,434611.0,1800,0.0,0.0
2021-06-08 00:00:00-04:00,435393.0,435458.0,429260.0,434510.0,1500,0.0,0.0
2021-06-09 00:00:00-04:00,434718.0,435750.0,431310.0,433125.0,1300,0.0,0.0
2021-06-10 00:00:00-04:00,435120.0,436618.0,427156.0,427156.0,134800,0.0,0.0
2021-06-11 00:00:00-04:00,428558.0,431351.0,428000.0,430282.0,1200,0.0,0.0
2021-06-14 00:00:00-04:00,430407.0,430407.0,423242.0,425880.0,2100,0.0,0.0
2021-06-15 00:00:00-04:00,427440.0,427852.0,424614.0,426045.0,1200,0.0,0.0
2021-06-16 00:00:00-04:00,425495.0,427584.0,422457.0,425645.0,1400,0.0,0.0
2021-06-17 00:00:00-04:00,426946.0,427231.0,417025.0,420359.0,1800,0.0,0.0
2021-06-18 00:00:00-04:00,415847.0,416335.0,409701.0,412729.0,1900,0.0,0.0
2021-06-21 00:00:00-04:00,414843.0,419177.0,414044.0,417780.0,1400,0.0,0.0
2021-06-22 00:00:00-04:00,418010.0,418875.0,415126.0,418875.0,1300,0.0,0.0
2021-06-23 00:00:00-04:00,416750.0,417000.0,413485.0,413890.0,1500,0.0,0.0
2021-06-24 00:00:00-04:00,414781.0,416864.0,413187.0,415000.0,1200,0.0,0.0
2021-06-25 00:00:00-04:00,417416.0,420389.0,414967.0,419134.0,1000,0.0,0.0
2021-06-28 00:00:00-04:00,420421.0,420965.0,415200.0,416304.0,1600,0.0,0.0
2021-06-29 00:00:00-04:00,417100.0,418868.0,414945.0,417000.0,1200,0.0,0.0
2021-06-30 00:00:00-04:00,415236.0,419265.0,415100.0,418601.0,1000,0.0,0.0
2021-07-01 00:00:00-04:00,418708.0,421491.0,417270.0,421005.0,1000,0.0,0.0
2021-07-02 00:00:00-04:00,423427.0,423427.0,419020.0,420000.0,1300,0.0,0.0
2021-07-06 00:00:00-04:00,419066.0,419066.0,414000.0,416930.0,1400,0.0,0.0
2021-07-07 00:00:00-04:00,415581.0,420505.0,415091.0,419401.0,1100,0.0,0.0
2021-07-08 00:00:00-04:00,416268.0,417572.0,411000.0,411840.0,1600,0.0,0.0
2021-07-09 00:00:00-04:00,414768.0,422300.0,414463.0,422000.0,1200,0.0,0.0
2021-07-12 00:00:00-04:00,420711.0,424304.0,418689.0,420937.0,1400,0.0,0.0
2021-07-13 00:00:00-04:00,421011.0,421525.0,418724.0,419820.0,1000,0.0,0.0
2021-07-14 00:00:00-04:00,419806.0,422061.0,418000.0,418500.0,1000,0.0,0.0
2021-07-15 00:00:00-04:00,417336.0,422103.0,417000.0,421350.0,900,0.0,0.0
2021-07-16 00:00:00-04:00,421981.0,421981.0,417113.0,417601.0,900,0.0,0.0
2021-07-19 00:00:00-04:00,413133.0,414230.0,407773.0,410450.0,1600,0.0,0.0
2021-07-20 00:00:00-04:00,410308.0,418481.0,409983.0,416244.0,1100,0.0,0.0
2021-07-21 00:00:00-04:00,418550.0,422688.0,417000.0,420055.0,1000,0.0,0.0
2021-07-22 00:00:00-04:00,419971.0,420248.0,417650.0,417800.0,900,0.0,0.0
2021-07-23 00:00:00-04:00,418856.0,421413.0,418220.0,419000.0,800,0.0,0.0
2021-07-26 00:00:00-04:00,418380.0,422000.0,418380.0,419500.0,1100,0.0,0.0
2021-07-27 00:00:00-04:00,419810.0,423000.0,417135.0,422309.0,1100,0.0,0.0
2021-07-28 00:00:00-04:00,422250.0,423461.0,418230.0,418975.0,1000,0.0,0.0
2021-07-29 00:00:00-04:00,419635.0,423209.0,419635.0,420676.0,1000,0.0,0.0
2021-07-30 00:00:00-04:00,421770.0,422914.0,418105.0,418900.0,900,0.0,0.0
2021-08-02 00:00:00-04:00,420985.0,424242.0,418287.0,418695.0,1200,0.0,0.0
2021-08-03 00:00:00-04:00,420576.0,425000.0,416965.0,423706.0,1100,0.0,0.0
2021-08-04 00:00:00-04:00,421988.0,422884.0,419743.0,419962.0,1000,0.0,0.0
2021-08-05 00:00:00-04:00,421358.0,424000.0,419000.0,421306.0,1100,0.0,0.0
2021-08-06 00:00:00-04:00,424426.0,430160.0,424103.0,430160.0,1300,0.0,0.0
2021-08-09 00:00:00-04:00,433056.0,434298.0,430486.0,431881.0,1600,0.0,0.0
2021-08-10 00:00:00-04:00,432690.0,435000.0,430470.0,434610.0,1200,0.0,0.0
2021-08-11 00:00:00-04:00,434655.0,439163.0,434655.0,438160.0,1300,0.0,0.0
2021-08-12 00:00:00-04:00,439121.0,439800.0,434846.0,436545.0,1100,0.0,0.0
2021-08-13 00:00:00-04:00,437935.0,437935.0,432057.0,433124.0,1200,0.0,0.0
2021-08-16 00:00:00-04:00,432443.0,435657.0,429462.0,435370.0,1300,0.0,0.0
2021-08-17 00:00:00-04:00,434530.0,437551.0,433136.0,435610.0,1000,0.0,0.0
2021-08-18 00:00:00-04:00,435175.0,436825.0,430651.0,430651.0,900,0.0,0.0
2021-08-19 00:00:00-04:00,428190.0,431976.0,427590.0,428994.0,1100,0.0,0.0
2021-08-20 00:00:00-04:00,429605.0,430543.0,427862.0,430007.0,800,0.0,0.0
2021-08-23 00:00:00-04:00,432025.0,432528.0,425000.0,425000.0,1000,0.0,0.0
2021-08-24 00:00:00-04:00,430686.0,431800.0,428000.0,430700.0,900,0.0,0.0
2021-08-25 00:00:00-04:00,431705.0,434423.0,429585.0,432354.0,800,0.0,0.0
2021-08-26 00:00:00-04:00,433588.0,433708.0,428957.0,429715.0,900,0.0,0.0
2021-08-27 00:00:00-04:00,429873.0,431500.0,429332.0,430901.0,700,0.0,0.0
2021-08-30 00:00:00-04:00,431060.0,431949.0,429134.0,429720.0,1000,0.0,0.0
2021-08-31 00:00:00-04:00,429405.0,431000.0,428706.0,429900.0,1000,0.0,0.0
2021-09-01 00:00:00-04:00,431181.0,433720.0,429000.0,430000.0,1000,0.0,0.0
2021-09-02 00:00:00-04:00,429606.0,431317.0,428000.0,428640.0,1000,0.0,0.0
2021-09-03 00:00:00-04:00,428825.0,428825.0,424201.0,424201.0,1400,0.0,0.0
2021-09-07 00:00:00-04:00,424688.0,428103.0,419500.0,419851.0,1800,0.0,0.0
2021-09-08 00:00:00-04:00,419733.0,421456.0,417925.0,420719.0,1100,0.0,0.0
2021-09-09 00:00:00-04:00,420270.0,421490.0,419136.0,420285.0,1000,0.0,0.0
2021-09-10 00:00:00-04:00,421028.0,421291.0,417942.0,417954.0,900,0.0,0.0
2021-09-13 00:00:00-04:00,418510.0,422523.0,417687.0,420801.0,1300,0.0,0.0
2021-09-14 00:00:00-04:00,422300.0,422500.0,416050.0,416996.0,1500,0.0,0.0
2021-09-15 00:00:00-04:00,417358.0,419998.0,416629.0,419785.0,900,0.0,0.0
2021-09-16 00:00:00-04:00,420170.0,420800.0,416215.0,419120.0,800,0.0,0.0
2021-09-17 00:00:00-04:00,418705.0,421124.0,415000.0,416400.0,1600,0.0,0.0
2021-09-20 00:00:00-04:00,411704.0,416000.0,409000.0,416000.0,1800,0.0,0.0
2021-09-21 00:00:00-04:00,416571.0,416571.0,411281.0,412802.0,1400,0.0,0.0
2021-09-22 00:00:00-04:00,415671.0,416762.0,411920.0,412081.0,900,0.0,0.0
2021-09-23 00:00:00-04:00,414298.0,420949.0,413700.0,418390.0,1100,0.0,0.0
2021-09-24 00:00:00-04:00,418475.0,420090.0,417561.0,418101.0,900,0.0,0.0
2021-09-27 00:00:00-04:00,419638.0,422203.0,418928.0,420791.0,900,0.0,0.0
2021-09-28 00:00:00-04:00,419976.0,423225.0,415395.0,416580.0,1000,0.0,0.0
2021-09-29 00:00:00-04:00,417200.0,419719.0,415301.0,417165.0,800,0.0,0.0
2021-09-30 00:00:00-04:00,419311.0,419735.0,411005.0,411379.0,1300,0.0,0.0
2021-10-01 00:00:00-04:00,412915.0,417653.0,410099.0,414878.0,1000,0.0,0.0
2021-10-04 00:00:00-04:00,415146.0,416804.0,411286.0,412540.0,1400,0.0,0.0
2021-10-05 00:00:00-04:00,413313.0,420959.0,411659.0,418539.0,900,0.0,0.0
2021-10-06 00:00:00-04:00,416406.0,421900.0,413662.0,421900.0,1100,0.0,0.0
2021-10-07 00:00:00-04:00,424999.0,428655.0,423516.0,425431.0,1200,0.0,0.0
2021-10-08 00:00:00-04:00,425643.0,428479.0,424000.0,427765.0,1300,0.0,0.0
2021-10-11 00:00:00-04:00,427172.0,429786.0,423000.0,423000.0,1600,0.0,0.0
2021-10-12 00:00:00-04:00,423252.0,424859.0,419000.0,419596.0,1100,0.0,0.0
2021-10-13 00:00:00-04:00,417906.0,422180.0,415265.0,418402.0,1200,0.0,0.0
2021-10-14 00:00:00-04:00,420866.0,427379.0,420750.0,423648.0,1200,0.0,0.0
2021-10-15 00:00:00-04:00,429300.0,429300.0,424945.0,427701.0,1200,0.0,0.0
2021-10-18 00:00:00-04:00,428950.0,428950.0,424001.0,426189.0,1500,0.0,0.0
2021-10-19 00:00:00-04:00,429335.0,429500.0,425841.0,428105.0,1300,0.0,0.0
2021-10-20 00:00:00-04:00,428113.0,433000.0,426111.0,432495.0,1700,0.0,0.0
2021-10-21 00:00:00-04:00,432689.0,434800.0,429436.0,431680.0,1400,0.0,0.0
2021-10-22 00:00:00-04:00,431720.0,436203.0,429715.0,435722.0,1500,0.0,0.0
2021-10-25 00:00:00-04:00,435963.0,437145.0,433064.0,436401.0,1800,0.0,0.0
2021-10-26 00:00:00-04:00,437165.0,439850.0,435446.0,437890.0,1900,0.0,0.0
2021-10-27 00:00:00-04:00,437527.0,439229.0,433050.0,433050.0,3200,0.0,0.0
2021-10-28 00:00:00-04:00,434703.0,436874.0,432516.0,436250.0,2400,0.0,0.0
2021-10-29 00:00:00-04:00,435053.0,436512.0,431714.0,432902.0,2100,0.0,0.0
2021-11-01 00:00:00-04:00,434513.0,435900.0,430522.0,430944.0,2300,0.0,0.0
2021-11-02 00:00:00-04:00,434440.0,434654.0,429800.0,434245.0,1700,0.0,0.0
2021-11-03 00:00:00-04:00,433425.0,435140.0,431164.0,435020.0,1400,0.0,0.0
2021-11-04 00:00:00-04:00,436463.0,438299.0,429880.0,433102.0,2000,0.0,0.0
2021-11-05 00:00:00-04:00,434887.0,437749.0,432114.0,434000.0,1700,0.0,0.0
2021-11-08 00:00:00-05:00,439649.0,445000.0,434752.0,435200.0,2800,0.0,0.0
2021-11-09 00:00:00-05:00,435345.0,437240.0,430099.0,431680.0,2100,0.0,0.0
2021-11-10 00:00:00-05:00,431420.0,433409.0,428940.0,430602.0,1700,0.0,0.0
2021-11-11 00:00:00-05:00,431800.0,434399.0,428694.0,429202.0,1400,0.0,0.0
2021-11-12 00:00:00-05:00,432614.0,432899.0,427664.0,431575.0,1200,0.0,0.0
2021-11-15 00:00:00-05:00,432193.0,434335.0,429079.0,429302.0,1800,0.0,0.0
2021-11-16 00:00:00-05:00,429638.0,431849.0,427120.0,427702.0,1500,0.0,0.0
2021-11-17 00:00:00-05:00,427651.0,429710.0,424201.0,426198.0,1800,0.0,0.0
2021-11-18 00:00:00-05:00,428429.0,428429.0,422223.0,422702.0,1600,0.0,0.0
2021-11-19 00:00:00-05:00,422901.0,424300.0,420000.0,423374.0,1600,0.0,0.0
2021-11-22 00:00:00-05:00,425225.0,432000.0,422535.0,430100.0,1900,0.0,0.0
2021-11-23 00:00:00-05:00,432837.0,435365.0,430100.0,434921.0,2400,0.0,0.0
2021-11-24 00:00:00-05:00,434643.0,437139.0,431497.0,433333.0,1500,0.0,0.0
2021-11-26 00:00:00-05:00,424233.0,429803.0,421091.0,427833.0,1600,0.0,0.0
2021-11-29 00:00:00-05:00,429048.0,432135.0,425000.0,425260.0,1900,0.0,0.0
2021-11-30 00:00:00-05:00,423823.0,426125.0,416546.0,416876.0,1900,0.0,0.0
2021-12-01 00:00:00-05:00,421535.0,424669.0,415000.0,415660.0,2000,0.0,0.0
2021-12-02 00:00:00-05:00,417776.0,422999.0,415526.0,420566.0,1200,0.0,0.0
2021-12-03 00:00:00-05:00,421420.0,426000.0,416100.0,418676.0,1700,0.0,0.0
2021-12-06 00:00:00-05:00,423201.0,428000.0,420000.0,426200.0,1700,0.0,0.0
2021-12-07 00:00:00-05:00,430739.0,431679.0,426200.0,429830.0,1300,0.0,0.0
2021-12-08 00:00:00-05:00,430115.0,432745.0,426000.0,427405.0,1200,0.0,0.0
2021-12-09 00:00:00-05:00,428933.0,430650.0,425414.0,428402.0,1300,0.0,0.0
2021-12-10 00:00:00-05:00,431254.0,435000.0,428402.0,435000.0,1600,0.0,0.0
2021-12-13 00:00:00-05:00,435861.0,439700.0,430932.0,437730.0,2100,0.0,0.0
2021-12-14 00:00:00-05:00,436865.0,446724.0,434981.0,446104.0,2200,0.0,0.0
2021-12-15 00:00:00-05:00,445928.0,447794.0,441611.0,443702.0,2500,0.0,0.0
2021-12-16 00:00:00-05:00,447540.0,454550.0,444655.0,454550.0,2200,0.0,0.0
2021-12-17 00:00:00-05:00,448850.0,449949.0,441200.0,443304.0,2300,0.0,0.0
2021-12-20 00:00:00-05:00,438290.0,439949.0,434055.0,437445.0,1800,0.0,0.0
2021-12-21 00:00:00-05:00,441315.0,445379.0,439385.0,443000.0,1300,0.0,0.0
2021-12-22 00:00:00-05:00,441460.0,444588.0,440300.0,444588.0,1200,0.0,0.0
2021-12-23 00:00:00-05:00,445395.0,448250.0,443525.0,444654.0,1500,0.0,0.0
2021-12-27 00:00:00-05:00,444205.0,447285.0,444020.0,447110.0,2500,0.0,0.0
2021-12-28 00:00:00-05:00,447562.0,452244.0,446405.0,449570.0,1500,0.0,0.0
2021-12-29 00:00:00-05:00,452370.0,453499.0,450655.0,452102.0,1400,0.0,0.0
2021-12-30 00:00:00-05:00,453728.0,455000.0,452545.0,452700.0,1600,0.0,0.0
2021-12-31 00:00:00-05:00,449945.0,455910.0,449945.0,450662.0,1500,0.0,0.0
2022-01-03 00:00:00-05:00,452005.0,454800.0,451020.0,454300.0,2700,0.0,0.0
2022-01-04 00:00:00-05:00,458675.0,466195.0,452376.0,465725.0,2300,0.0,0.0
2022-01-05 00:00:00-05:00,468500.0,474181.0,466050.0,467274.0,2200,0.0,0.0
2022-01-06 00:00:00-05:00,470900.0,473544.0,467236.0,473153.0,1900,0.0,0.0
2022-01-07 00:00:00-05:00,474696.0,480888.0,472610.0,480000.0,2400,0.0,0.0
2022-01-10 00:00:00-05:00,483800.0,483800.0,473373.0,477165.0,2600,0.0,0.0
2022-01-11 00:00:00-05:00,479353.0,480935.0,473185.0,480340.0,1700,0.0,0.0
2022-01-12 00:00:00-05:00,481190.0,483250.0,477094.0,481700.0,1700,0.0,0.0
2022-01-13 00:00:00-05:00,482058.0,485800.0,481166.0,483872.0,1800,0.0,0.0
2022-01-14 00:00:00-05:00,480280.0,486999.0,476336.0,485379.0,2000,0.0,0.0
2022-01-18 00:00:00-05:00,484930.0,487255.0,477585.0,480081.0,2800,0.0,0.0
2022-01-19 00:00:00-05:00,483000.0,484850.0,472560.0,473440.0,1800,0.0,0.0
2022-01-20 00:00:00-05:00,473973.0,476625.0,466602.0,467390.0,1800,0.0,0.0
2022-01-21 00:00:00-05:00,465040.0,466989.0,456623.0,458675.0,2300,0.0,0.0
2022-01-24 00:00:00-05:00,449333.0,457999.0,445000.0,456901.0,3700,0.0,0.0
2022-01-25 00:00:00-05:00,453012.0,464728.0,443402.0,461919.0,2100,0.0,0.0
2022-01-26 00:00:00-05:00,466162.0,470770.0,460206.0,463652.0,2000,0.0,0.0
2022-01-27 00:00:00-05:00,469000.0,473900.0,458201.0,461200.0,1900,0.0,0.0
2022-01-28 00:00:00-05:00,462560.0,469880.0,456281.0,469880.0,2000,0.0,0.0
2022-01-31 00:00:00-05:00,467665.0,470739.0,462151.0,469805.0,2600,0.0,0.0
2022-02-01 00:00:00-05:00,469465.0,471888.0,465460.0,471184.0,1900,0.0,0.0
2022-02-02 00:00:00-05:00,470620.0,480400.0,469001.0,479500.0,1900,0.0,0.0
2022-02-03 00:00:00-05:00,478840.0,481029.0,472081.0,472536.0,1600,0.0,0.0
2022-02-04 00:00:00-05:00,471990.0,476888.0,469101.0,473364.0,2000,0.0,0.0
2022-02-07 00:00:00-05:00,474100.0,477350.0,468253.0,474900.0,2000,0.0,0.0
2022-02-08 00:00:00-05:00,477670.0,484200.0,474112.0,482030.0,1700,0.0,0.0
2022-02-09 00:00:00-05:00,485650.0,488400.0,482502.0,483900.0,1800,0.0,0.0
2022-02-10 00:00:00-05:00,481000.0,483726.0,478000.0,480105.0,1800,0.0,0.0
2022-02-11 00:00:00-05:00,481068.0,484850.0,476886.0,479370.0,1600,0.0,0.0
2022-02-14 00:00:00-05:00,479208.0,481054.0,468563.0,472410.0,2200,0.0,0.0
2022-02-15 00:00:00-05:00,475390.0,476980.0,472456.0,473980.0,1500,0.0,0.0
2022-02-16 00:00:00-05:00,472983.0,475780.0,471401.0,474444.0,1300,0.0,0.0
2022-02-17 00:00:00-05:00,474829.0,474829.0,469182.0,470655.0,1400,0.0,0.0
2022-02-18 00:00:00-05:00,471528.0,473920.0,469091.0,472257.0,1500,0.0,0.0
2022-02-22 00:00:00-05:00,470733.0,473460.0,466257.0,471418.0,2400,0.0,0.0
2022-02-23 00:00:00-05:00,474975.0,475989.0,464400.0,465515.0,1700,0.0,0.0
2022-02-24 00:00:00-05:00,452928.0,463490.0,450000.0,462110.0,2800,0.0,0.0
2022-02-25 00:00:00-05:00,467598.0,482579.0,465326.0,479345.0,2200,0.0,0.0
2022-02-28 00:00:00-05:00,476700.0,483638.0,473930.0,476205.0,2400,0.0,0.0
2022-03-01 00:00:00-05:00,482000.0,482151.0,470645.0,475879.0,1800,0.0,0.0
2022-03-02 00:00:00-05:00,479175.0,488765.0,477091.0,486109.0,1600,0.0,0.0
2022-03-03 00:00:00-05:00,490797.0,494420.0,485855.0,491245.0,1900,0.0,0.0
2022-03-04 00:00:00-05:00,485375.0,488298.0,480341.0,487440.0,2000,0.0,0.0
2022-03-07 00:00:00-05:00,491039.0,492059.0,480888.0,484527.0,2400,0.0,0.0
2022-03-08 00:00:00-05:00,486690.0,491500.0,476921.0,478025.0,2000,0.0,0.0
2022-03-09 00:00:00-05:00,491339.0,491550.0,484184.0,488245.0,1700,0.0,0.0
2022-03-10 00:00:00-05:00,484252.0,490800.0,482520.0,487820.0,1600,0.0,0.0
2022-03-11 00:00:00-05:00,490155.0,497333.0,488551.0,489802.0,1800,0.0,0.0
2022-03-14 00:00:00-04:00,493988.0,500023.0,491947.0,493785.0,2900,0.0,0.0
2022-03-15 00:00:00-04:00,498673.0,501939.0,494023.0,498160.0,2600,0.0,0.0
2022-03-16 00:00:00-04:00,502201.0,506029.0,497613.0,504036.0,2500,0.0,0.0
2022-03-17 00:00:00-04:00,505385.0,518438.0,503641.0,518438.0,2900,0.0,0.0
2022-03-18 00:00:00-04:00,515731.0,520654.0,508853.0,512991.0,3500,0.0,0.0
2022-03-21 00:00:00-04:00,517231.0,526733.0,515970.0,525000.0,3300,0.0,0.0
2022-03-22 00:00:00-04:00,526201.0,532530.0,523500.0,525854.0,3700,0.0,0.0
2022-03-23 00:00:00-04:00,523066.0,528015.0,519151.0,521781.0,3000,0.0,0.0
2022-03-24 00:00:00-04:00,528414.0,528817.0,523778.0,528817.0,2100,0.0,0.0
2022-03-25 00:00:00-04:00,531088.0,538949.0,529981.0,538949.0,2600,0.0,0.0
2022-03-28 00:00:00-04:00,540913.0,544000.0,533345.0,539180.0,3800,0.0,0.0
2022-03-29 00:00:00-04:00,544389.0,544389.0,528750.0,532011.0,3700,0.0,0.0
2022-03-30 00:00:00-04:00,531305.0,537371.0,527650.0,536440.0,2300,0.0,0.0
2022-03-31 00:00:00-04:00,538660.0,540420.0,528921.0,528921.0,2300,0.0,0.0
2022-04-01 00:00:00-04:00,530026.0,533139.0,523662.0,527760.0,2600,0.0,0.0
2022-04-04 00:00:00-04:00,529375.0,532029.0,516593.0,518714.0,4000,0.0,0.0
2022-04-05 00:00:00-04:00,520074.0,524425.0,516000.0,516000.0,2400,0.0,0.0
2022-04-06 00:00:00-04:00,511475.0,520369.0,510241.0,517002.0,2100,0.0,0.0
2022-04-07 00:00:00-04:00,519111.0,521855.0,513905.0,519760.0,2000,0.0,0.0
2022-04-08 00:00:00-04:00,524139.0,531040.0,520276.0,529000.0,2100,0.0,0.0
2022-04-11 00:00:00-04:00,528413.0,531880.0,524086.0,527590.0,2400,0.0,0.0
2022-04-12 00:00:00-04:00,529165.0,531000.0,522693.0,524271.0,2100,0.0,0.0
2022-04-13 00:00:00-04:00,524135.0,525900.0,517973.0,519800.0,2000,0.0,0.0
2022-04-14 00:00:00-04:00,519163.0,521674.0,516435.0,516435.0,1600,0.0,0.0
2022-04-18 00:00:00-04:00,516774.0,521019.0,514600.0,519499.0,3300,0.0,0.0
2022-04-19 00:00:00-04:00,522339.0,524208.0,519001.0,523260.0,4200,0.0,0.0
2022-04-20 00:00:00-04:00,525288.0,526699.0,521000.0,522901.0,4500,0.0,0.0
2022-04-21 00:00:00-04:00,524394.0,526900.0,515000.0,515815.0,3900,0.0,0.0
2022-04-22 00:00:00-04:00,515050.0,517444.0,504514.0,505440.0,3500,0.0,0.0
2022-04-25 00:00:00-04:00,501835.0,509650.0,495150.0,506200.0,4300,0.0,0.0
2022-04-26 00:00:00-04:00,506789.0,507419.0,497777.0,497777.0,2800,0.0,0.0
2022-04-27 00:00:00-04:00,498093.0,502799.0,495069.0,496800.0,2500,0.0,0.0
2022-04-28 00:00:00-04:00,497010.0,502329.0,494335.0,499000.0,2700,0.0,0.0
2022-04-29 00:00:00-04:00,495206.0,500000.0,484340.0,484340.0,3100,0.0,0.0
2022-05-02 00:00:00-04:00,485921.0,492125.0,470692.0,478150.0,4100,0.0,0.0
2022-05-03 00:00:00-04:00,480541.0,487713.0,478150.0,481198.0,2400,0.0,0.0
2022-05-04 00:00:00-04:00,486664.0,494343.0,477712.0,494343.0,2400,0.0,0.0
2022-05-05 00:00:00-04:00,487900.0,493850.0,476748.0,481400.0,2900,0.0,0.0
2022-05-06 00:00:00-04:00,482864.0,483795.0,475000.0,479500.0,2500,0.0,0.0
2022-05-09 00:00:00-04:00,477825.0,478000.0,468902.0,471200.0,3300,0.0,0.0
2022-05-10 00:00:00-04:00,478465.0,478750.0,466052.0,469780.0,2400,0.0,0.0
2022-05-11 00:00:00-04:00,474535.0,476600.0,466725.0,468000.0,2300,0.0,0.0
2022-05-12 00:00:00-04:00,460431.0,464845.0,454670.0,461631.0,3000,0.0,0.0
2022-05-13 00:00:00-04:00,466106.0,469144.0,462327.0,465011.0,2400,0.0,0.0
2022-05-16 00:00:00-04:00,465135.0,468058.0,461007.0,464250.0,1800,0.0,0.0
2022-05-17 00:00:00-04:00,470771.0,478709.0,468331.0,471670.0,2200,0.0,0.0
2022-05-18 00:00:00-04:00,471053.0,473285.0,458620.0,461000.0,2500,0.0,0.0
2022-05-19 00:00:00-04:00,457940.0,459694.0,452000.0,456031.0,3300,0.0,0.0
2022-05-20 00:00:00-04:00,462425.0,462425.0,448108.0,456500.0,2400,0.0,0.0
2022-05-23 00:00:00-04:00,462639.0,469080.0,459371.0,464510.0,2300,0.0,0.0
2022-05-24 00:00:00-04:00,465580.0,465580.0,455721.0,463606.0,1900,0.0,0.0
2022-05-25 00:00:00-04:00,462230.0,466541.0,459141.0,462890.0,1700,0.0,0.0
2022-05-26 00:00:00-04:00,465146.0,471602.0,464951.0,468805.0,1800,0.0,0.0
2022-05-27 00:00:00-04:00,472795.0,478670.0,470021.0,478670.0,1900,0.0,0.0
2022-05-31 00:00:00-04:00,477890.0,479309.0,472110.0,474050.0,2900,0.0,0.0
2022-06-01 00:00:00-04:00,476594.0,476594.0,464900.0,469620.0,2100,0.0,0.0
2022-06-02 00:00:00-04:00,472134.0,472886.0,463312.0,472710.0,2100,0.0,0.0
2022-06-03 00:00:00-04:00,469925.0,471789.0,465850.0,467650.0,1900,0.0,0.0
2022-06-06 00:00:00-04:00,472900.0,473900.0,467632.0,468400.0,2000,0.0,0.0
2022-06-07 00:00:00-04:00,467650.0,471500.0,464551.0,471500.0,1800,0.0,0.0
2022-06-08 00:00:00-04:00,472090.0,472090.0,462301.0,463300.0,2100,0.0,0.0
2022-06-09 00:00:00-04:00,464275.0,464275.0,451757.0,452260.0,2000,0.0,0.0
2022-06-10 00:00:00-04:00,448000.0,448500.0,439005.0,439780.0,2700,0.0,0.0
2022-06-13 00:00:00-04:00,432489.0,433869.0,422438.0,423700.0,3200,0.0,0.0
2022-06-14 00:00:00-04:00,421651.0,428220.0,414200.0,415500.0,2300,0.0,0.0
2022-06-15 00:00:00-04:00,423688.0,426715.0,411427.0,418600.0,2200,0.0,0.0
2022-06-16 00:00:00-04:00,413375.0,413375.0,400669.0,403971.0,2800,0.0,0.0
2022-06-17 00:00:00-04:00,406209.0,406209.0,399022.0,403150.0,2200,0.0,0.0
2022-06-21 00:00:00-04:00,412749.0,412749.0,405700.0,407800.0,2700,0.0,0.0
2022-06-22 00:00:00-04:00,402568.0,410483.0,400741.0,405649.0,1900,0.0,0.0
2022-06-23 00:00:00-04:00,406413.0,408499.0,396500.0,402300.0,2600,0.0,0.0
2022-06-24 00:00:00-04:00,405489.0,419859.0,402550.0,417401.0,2100,0.0,0.0
2022-06-27 00:00:00-04:00,423279.0,424085.0,416750.0,417700.0,2400,0.0,0.0
2022-06-28 00:00:00-04:00,421977.0,423728.0,411287.0,412170.0,1900,0.0,0.0
2022-06-29 00:00:00-04:00,415239.0,415239.0,410000.0,411050.0,1600,0.0,0.0
2022-06-30 00:00:00-04:00,407634.0,412869.0,403567.0,408950.0,1700,0.0,0.0
2022-07-01 00:00:00-04:00,407700.0,417869.0,407700.0,415850.0,1700,0.0,0.0
2022-07-05 00:00:00-04:00,414924.0,414924.0,407993.0,413844.0,2600,0.0,0.0
2022-07-06 00:00:00-04:00,415539.0,416500.0,409661.0,414148.0,1700,0.0,0.0
2022-07-07 00:00:00-04:00,416843.0,419825.0,415832.0,419200.0,2000,0.0,0.0
2022-07-08 00:00:00-04:00,421258.0,424200.0,418977.0,421800.0,2000,0.0,0.0
2022-07-11 00:00:00-04:00,420824.0,422550.0,417250.0,417900.0,2500,0.0,0.0
2022-07-12 00:00:00-04:00,415405.0,423700.0,415405.0,416449.0,1700,0.0,0.0
2022-07-13 00:00:00-04:00,413910.0,420795.0,411385.0,417250.0,1800,0.0,0.0
2022-07-14 00:00:00-04:00,412499.0,413500.0,407734.0,412600.0,2000,0.0,0.0
2022-07-15 00:00:00-04:00,416157.0,420500.0,414694.0,418349.0,1700,0.0,0.0
2022-07-18 00:00:00-04:00,423459.0,423625.0,412864.0,414450.0,2800,0.0,0.0
2022-07-19 00:00:00-04:00,421539.0,426598.0,417309.0,425110.0,2200,0.0,0.0
2022-07-20 00:00:00-04:00,425260.0,430059.0,425260.0,429200.0,2200,0.0,0.0
2022-07-21 00:00:00-04:00,432039.0,432789.0,423600.0,430900.0,2300,0.0,0.0
2022-07-22 00:00:00-04:00,434424.0,434808.0,425911.0,429562.0,2000,0.0,0.0
2022-07-25 00:00:00-04:00,432249.0,434030.0,428185.0,432579.0,2500,0.0,0.0
2022-07-26 00:00:00-04:00,431963.0,433733.0,427415.0,428644.0,1900,0.0,0.0
2022-07-27 00:00:00-04:00,431500.0,437783.0,429290.0,436100.0,1900,0.0,0.0
2022-07-28 00:00:00-04:00,436773.0,442000.0,430815.0,442000.0,2200,0.0,0.0
2022-07-29 00:00:00-04:00,446035.0,453985.0,443617.0,451700.0,2900,0.0,0.0
2022-08-01 00:00:00-04:00,451989.0,451989.0,443000.0,444650.0,3400,0.0,0.0
2022-08-02 00:00:00-04:00,445734.0,445734.0,438650.0,439180.0,2300,0.0,0.0
2022-08-03 00:00:00-04:00,443964.0,444851.0,437005.0,443450.0,2600,0.0,0.0
2022-08-04 00:00:00-04:00,444294.0,445200.0,440875.0,442149.0,2600,0.0,0.0
2022-08-05 00:00:00-04:00,438635.0,443384.0,436510.0,439529.0,2300,0.0,0.0
2022-08-08 00:00:00-04:00,445259.0,450000.0,439010.0,439167.0,3100,0.0,0.0
2022-08-09 00:00:00-04:00,441378.0,447370.0,438665.0,440058.0,2200,0.0,0.0
2022-08-10 00:00:00-04:00,445300.0,446904.0,441500.0,442800.0,2300,0.0,0.0
2022-08-11 00:00:00-04:00,448839.0,448869.0,444701.0,445302.0,2300,0.0,0.0
2022-08-12 00:00:00-04:00,448193.0,453059.0,446132.0,452697.0,2400,0.0,0.0
2022-08-15 00:00:00-04:00,450929.0,456992.0,446866.0,455170.0,3100,0.0,0.0
2022-08-16 00:00:00-04:00,459224.0,463000.0,456000.0,461300.0,2700,0.0,0.0
2022-08-17 00:00:00-04:00,459959.0,461269.0,454105.0,457277.0,2500,0.0,0.0
2022-08-18 00:00:00-04:00,458178.0,458178.0,453347.0,457400.0,2200,0.0,0.0
2022-08-19 00:00:00-04:00,457004.0,457004.0,446512.0,447155.0,2600,0.0,0.0
2022-08-22 00:00:00-04:00,444239.0,444239.0,432452.0,433650.0,3600,0.0,0.0
2022-08-23 00:00:00-04:00,436408.0,438274.0,432739.0,435730.0,2200,0.0,0.0
2022-08-24 00:00:00-04:00,436625.0,442318.0,435010.0,442210.0,2200,0.0,0.0
2022-08-25 00:00:00-04:00,444694.0,448000.0,440222.0,448000.0,2200,0.0,0.0
2022-08-26 00:00:00-04:00,448973.0,450868.0,435770.0,436201.0,2500,0.0,0.0
2022-08-29 00:00:00-04:00,435064.0,435803.0,429487.0,433300.0,3200,0.0,0.0
2022-08-30 00:00:00-04:00,436039.0,436594.0,428122.0,429700.0,2200,0.0,0.0
2022-08-31 00:00:00-04:00,431745.0,433325.0,421308.0,421308.0,2500,0.0,0.0
2022-09-01 00:00:00-04:00,421000.0,424907.0,416882.0,424290.0,2500,0.0,0.0
2022-09-02 00:00:00-04:00,429439.0,429439.0,415362.0,417940.0,2600,0.0,0.0
2022-09-06 00:00:00-04:00,419989.0,420248.0,414285.0,416860.0,3300,0.0,0.0
2022-09-07 00:00:00-04:00,417000.0,423246.0,412675.0,422047.0,2100,0.0,0.0
2022-09-08 00:00:00-04:00,420723.0,426850.0,416794.0,426850.0,2100,0.0,0.0
2022-09-09 00:00:00-04:00,428918.0,431348.0,426000.0,429819.0,2300,0.0,0.0
2022-09-12 00:00:00-04:00,432133.0,434577.0,429671.0,433062.0,3000,0.0,0.0
2022-09-13 00:00:00-04:00,427939.0,428446.0,417599.0,418700.0,2900,0.0,0.0
2022-09-14 00:00:00-04:00,419878.0,421200.0,414247.0,420500.0,2700,0.0,0.0
2022-09-15 00:00:00-04:00,418509.0,423305.0,415622.0,417103.0,2500,0.0,0.0
2022-09-16 00:00:00-04:00,415200.0,416251.0,412100.0,414537.0,2500,0.0,0.0
2022-09-19 00:00:00-04:00,411561.0,421339.0,410892.0,421339.0,3200,0.0,0.0
2022-09-20 00:00:00-04:00,419708.0,419869.0,414501.0,419869.0,2400,0.0,0.0
2022-09-21 00:00:00-04:00,423754.0,423754.0,407585.0,407930.0,2500,0.0,0.0
2022-09-22 00:00:00-04:00,408263.0,409684.0,405000.0,405375.0,2700,0.0,0.0
2022-09-23 00:00:00-04:00,403477.0,404799.0,399450.0,404485.0,3100,0.0,0.0
2022-09-26 00:00:00-04:00,401234.0,404499.0,397787.0,399128.0,3400,0.0,0.0
2022-09-27 00:00:00-04:00,402858.0,404000.0,395202.0,401490.0,3000,0.0,0.0
2022-09-28 00:00:00-04:00,404133.0,414000.0,400342.0,410705.0,2500,0.0,0.0
2022-09-29 00:00:00-04:00,409808.0,412716.0,401227.0,406700.0,2800,0.0,0.0
2022-09-30 00:00:00-04:00,406833.0,413174.0,404072.0,406470.0,2700,0.0,0.0
2022-10-03 00:00:00-04:00,409435.0,414650.0,405116.0,413300.0,3200,0.0,0.0
2022-10-04 00:00:00-04:00,419663.0,425535.0,417422.0,424180.0,2500,0.0,0.0
2022-10-05 00:00:00-04:00,419406.0,423915.0,416842.0,420667.0,2200,0.0,0.0
2022-10-06 00:00:00-04:00,422904.0,422904.0,415945.0,416300.0,2100,0.0,0.0
2022-10-07 00:00:00-04:00,413767.0,415639.0,403600.0,406010.0,2400,0.0,0.0
2022-10-10 00:00:00-04:00,407071.0,408699.0,401591.0,403000.0,3400,0.0,0.0
2022-10-11 00:00:00-04:00,401645.0,409610.0,400332.0,402836.0,2100,0.0,0.0
2022-10-12 00:00:00-04:00,404106.0,405249.0,399251.0,399251.0,2700,0.0,0.0
2022-10-13 00:00:00-04:00,394152.0,417860.0,393012.0,415222.0,2600,0.0,0.0
2022-10-14 00:00:00-04:00,419359.0,421651.0,412760.0,412760.0,4000,0.0,0.0
2022-10-17 00:00:00-04:00,420553.0,421848.0,416837.0,419101.0,3400,0.0,0.0
2022-10-18 00:00:00-04:00,427925.0,431340.0,423923.0,428465.0,2800,0.0,0.0
2022-10-19 00:00:00-04:00,427233.0,430415.0,419630.0,421610.0,2200,0.0,0.0
2022-10-20 00:00:00-04:00,421045.0,423875.0,413950.0,413950.0,2200,0.0,0.0
2022-10-21 00:00:00-04:00,413212.0,428230.0,410112.0,427170.0,2400,0.0,0.0
2022-10-24 00:00:00-04:00,428849.0,437725.0,427787.0,432500.0,3800,0.0,0.0
2022-10-25 00:00:00-04:00,436233.0,437829.0,432873.0,436400.0,2400,0.0,0.0
2022-10-26 00:00:00-04:00,438228.0,440405.0,434601.0,435660.0,2500,0.0,0.0
2022-10-27 00:00:00-04:00,438783.0,468795.0,415639.0,437900.0,2400,0.0,0.0
2022-10-28 00:00:00-04:00,441662.0,451970.0,440052.0,451900.0,2900,0.0,0.0
2022-10-31 00:00:00-04:00,449277.0,450838.0,444750.0,445050.0,3800,0.0,0.0
2022-11-01 00:00:00-04:00,450141.0,452079.0,441880.0,443004.0,2400,0.0,0.0
2022-11-02 00:00:00-04:00,439612.0,449942.0,437255.0,438700.0,2600,0.0,0.0
2022-11-03 00:00:00-04:00,432450.0,434428.0,428465.0,428800.0,2500,0.0,0.0
2022-11-04 00:00:00-04:00,434463.0,437250.0,426136.0,432000.0,2700,0.0,0.0
2022-11-07 00:00:00-05:00,439035.0,442216.0,434837.0,438575.0,3600,0.0,0.0
2022-11-08 00:00:00-05:00,440405.0,445435.0,436312.0,442100.0,2500,0.0,0.0
2022-11-09 00:00:00-05:00,441802.0,444168.0,434925.0,435945.0,2600,0.0,0.0
2022-11-10 00:00:00-05:00,448491.0,458385.0,444918.0,457665.0,3200,0.0,0.0
2022-11-11 00:00:00-05:00,460358.0,471870.0,456962.0,469047.0,3300,0.0,0.0
2022-11-14 00:00:00-05:00,471809.0,472470.0,464516.0,466600.0,4000,0.0,0.0
2022-11-15 00:00:00-05:00,474063.0,474483.0,464625.0,468233.0,2900,0.0,0.0
2022-11-16 00:00:00-05:00,470628.0,471328.0,463401.0,465520.0,2600,0.0,0.0
2022-11-17 00:00:00-05:00,460785.0,465000.0,459043.0,463695.0,2600,0.0,0.0
2022-11-18 00:00:00-05:00,469643.0,469643.0,465395.0,468290.0,2700,0.0,0.0
2022-11-21 00:00:00-05:00,467817.0,471915.0,464865.0,468922.0,3900,0.0,0.0
2022-11-22 00:00:00-05:00,470609.0,477410.0,469217.0,476980.0,2800,0.0,0.0
2022-11-23 00:00:00-05:00,476823.0,477530.0,473716.0,477020.0,2900,0.0,0.0
2022-11-25 00:00:00-05:00,480350.0,481580.0,476281.0,478676.0,2700,0.0,0.0
2022-11-28 00:00:00-05:00,474511.0,478839.0,471000.0,472712.0,4000,0.0,0.0
2022-11-29 00:00:00-05:00,471118.0,475971.0,468796.0,475843.0,2600,0.0,0.0
2022-11-30 00:00:00-05:00,476094.0,480302.0,466100.0,480280.0,3200,0.0,0.0
2022-12-01 00:00:00-05:00,481043.0,483162.0,472864.0,477085.0,2900,0.0,0.0
2022-12-02 00:00:00-05:00,472705.0,477526.0,470680.0,477403.0,2800,0.0,0.0
2022-12-05 00:00:00-05:00,475080.0,476689.0,466160.0,468700.0,4100,0.0,0.0
2022-12-06 00:00:00-05:00,467175.0,469659.0,462422.0,464838.0,2700,0.0,0.0
2022-12-07 00:00:00-05:00,464303.0,467081.0,460408.0,461593.0,2900,0.0,0.0
2022-12-08 00:00:00-05:00,462436.0,464619.0,460612.0,462780.0,2600,0.0,0.0
2022-12-09 00:00:00-05:00,461773.0,466120.0,459402.0,463000.0,2800,0.0,0.0
2022-12-12 00:00:00-05:00,465650.0,471235.0,461796.0,471080.0,3900,0.0,0.0
2022-12-13 00:00:00-05:00,482503.0,483393.0,469410.0,472000.0,3000,0.0,0.0
2022-12-14 00:00:00-05:00,473079.0,477700.0,466452.0,468020.0,2900,0.0,0.0
2022-12-15 00:00:00-05:00,464249.0,464249.0,452975.0,457460.0,3400,0.0,0.0
2022-12-16 00:00:00-05:00,453163.0,457890.0,450050.0,454620.0,3000,0.0,0.0
2022-12-19 00:00:00-05:00,456494.0,457244.0,450245.0,455280.0,3800,0.0,0.0
2022-12-20 00:00:00-05:00,457049.0,460698.0,446545.0,457400.0,2700,0.0,0.0
2022-12-21 00:00:00-05:00,463000.0,469220.0,459151.0,467600.0,3000,0.0,0.0
2022-12-22 00:00:00-05:00,465427.0,469810.0,450709.0,458700.0,3200,0.0,0.0
2022-12-23 00:00:00-05:00,458596.0,463510.0,455892.0,463400.0,2800,0.0,0.0
2022-12-27 00:00:00-05:00,475795.0,476155.0,461000.0,461955.0,4500,0.0,0.0
2022-12-28 00:00:00-05:00,465000.0,465235.0,445251.0,459800.0,3000,0.0,0.0
2022-12-29 00:00:00-05:00,462715.0,470000.0,460730.0,468725.0,3000,0.0,0.0
2022-12-30 00:00:00-05:00,469317.0,469317.0,462800.0,468711.0,3400,0.0,0.0
2023-01-03 00:00:00-05:00,472950.0,473990.0,465020.0,469525.0,5300,0.0,0.0
2023-01-04 00:00:00-05:00,477479.0,479897.0,470151.0,476260.0,3700,0.0,0.0
2023-01-05 00:00:00-05:00,481229.0,481229.0,469228.0,473660.0,3400,0.0,0.0
2023-01-06 00:00:00-05:00,475990.0,484151.0,473300.0,481955.0,3900,0.0,0.0
2023-01-09 00:00:00-05:00,483575.0,487989.0,476653.0,478385.0,5500,0.0,0.0
2023-01-10 00:00:00-05:00,476224.0,479698.0,474512.0,479420.0,3500,0.0,0.0
2023-01-11 00:00:00-05:00,482167.0,484897.0,478730.0,483990.0,3600,0.0,0.0
2023-01-12 00:00:00-05:00,486177.0,488688.0,480600.0,482860.0,3800,0.0,0.0
2023-01-13 00:00:00-05:00,482430.0,482430.0,478000.0,481021.0,3900,0.0,0.0
2023-01-17 00:00:00-05:00,481590.0,483993.0,475695.0,476000.0,5700,0.0,0.0
2023-01-18 00:00:00-05:00,477497.0,479229.0,465831.0,466260.0,4100,0.0,0.0
2023-01-19 00:00:00-05:00,462498.0,465065.0,460233.0,461950.0,3600,0.0,0.0
2023-01-20 00:00:00-05:00,463914.0,469755.0,460635.0,469645.0,3800,0.0,0.0
2023-01-23 00:00:00-05:00,471129.0,473025.0,464929.0,469600.0,5300,0.0,0.0
2023-01-24 00:00:00-05:00,465721.0,473445.0,465720.0,471000.0,3500,0.0,0.0
2023-01-25 00:00:00-05:00,468228.0,472800.0,464975.0,471657.0,3800,0.0,0.0
2023-01-26 00:00:00-05:00,474037.0,475336.0,468469.0,469960.0,3900,0.0,0.0
2023-01-27 00:00:00-05:00,468410.0,472885.0,466576.0,470000.0,4200,0.0,0.0
2023-01-30 00:00:00-05:00,466790.0,469540.0,464932.0,465040.0,5300,0.0,0.0
2023-01-31 00:00:00-05:00,467724.0,473000.0,463085.0,473000.0,3900,0.0,0.0
2023-02-01 00:00:00-05:00,469923.0,473690.0,464527.0,470606.0,4400,0.0,0.0
2023-02-02 00:00:00-05:00,473852.0,474898.0,467055.0,472115.0,4600,0.0,0.0
2023-02-03 00:00:00-05:00,471303.0,471795.0,462757.0,466755.0,4600,0.0,0.0
2023-02-06 00:00:00-05:00,465407.0,467096.0,462434.0,467000.0,5000,0.0,0.0
2023-02-07 00:00:00-05:00,467394.0,475500.0,463820.0,474555.0,4100,0.0,0.0
2023-02-08 00:00:00-05:00,471620.0,475125.0,467125.0,467999.0,4000,0.0,0.0
2023-02-09 00:00:00-05:00,470094.0,472222.0,466020.0,466020.0,3700,0.0,0.0
2023-02-10 00:00:00-05:00,466217.0,472500.0,463632.0,472250.0,4100,0.0,0.0
2023-02-13 00:00:00-05:00,469036.0,477979.0,469036.0,476500.0,5500,0.0,0.0
2023-02-14 00:00:00-05:00,478387.0,478387.0,470145.0,472500.0,3900,0.0,0.0
2023-02-15 00:00:00-05:00,473091.0,473091.0,467800.0,469045.0,4300,0.0,0.0
2023-02-16 00:00:00-05:00,466586.0,470625.0,465037.0,467295.0,3800,0.0,0.0
2023-02-17 00:00:00-05:00,473104.0,473104.0,462482.0,467373.0,4000,0.0,0.0
2023-02-21 00:00:00-05:00,464947.0,466575.0,455290.0,458495.0,6400,0.0,0.0
2023-02-22 00:00:00-05:00,459152.0,463635.0,457927.0,460012.0,4100,0.0,0.0
2023-02-23 00:00:00-05:00,463105.0,463830.0,455627.0,459375.0,4100,0.0,0.0
2023-02-24 00:00:00-05:00,456300.0,464013.0,454955.0,461705.0,4600,0.0,0.0
2023-02-27 00:00:00-05:00,462910.0,463950.0,458090.0,461912.0,6500,0.0,0.0
2023-02-28 00:00:00-05:00,462524.0,464530.0,459970.0,463525.0,4000,0.0,0.0
2023-03-01 00:00:00-05:00,460829.0,463618.0,458442.0,462435.0,4200,0.0,0.0
2023-03-02 00:00:00-05:00,461964.0,467007.0,457179.0,466790.0,4000,0.0,0.0
2023-03-03 00:00:00-05:00,469298.0,473427.0,467448.0,473256.0,4500,0.0,0.0
2023-03-06 00:00:00-05:00,476182.0,480945.0,472486.0,480215.0,6300,0.0,0.0
2023-03-07 00:00:00-05:00,479733.0,481824.0,470255.0,471500.0,4400,0.0,0.0
2023-03-08 00:00:00-05:00,471518.0,474129.0,468800.0,472002.0,4000,0.0,0.0
2023-03-09 00:00:00-05:00,471004.0,474834.0,460924.0,461030.0,4200,0.0,0.0
2023-03-10 00:00:00-05:00,460775.0,464750.0,457232.0,460462.0,4500,0.0,0.0
2023-03-13 00:00:00-04:00,457112.0,464055.0,455250.0,458050.0,6000,0.0,0.0
2023-03-14 00:00:00-04:00,464928.0,465670.0,457000.0,461805.0,4100,0.0,0.0
2023-03-15 00:00:00-04:00,455001.0,456729.0,446275.0,448671.0,5200,0.0,0.0
2023-03-16 00:00:00-04:00,447520.0,458758.0,445695.0,455350.0,5100,0.0,0.0
2023-03-17 00:00:00-04:00,453738.0,455608.0,442363.0,442765.0,5300,0.0,0.0
2023-03-20 00:00:00-04:00,446749.0,456840.0,444894.0,455917.0,6000,0.0,0.0
2023-03-21 00:00:00-04:00,462471.0,463854.0,458600.0,460515.0,4500,0.0,0.0
2023-03-22 00:00:00-04:00,461085.0,465552.0,454712.0,455660.0,4200,0.0,0.0
2023-03-23 00:00:00-04:00,457527.0,459924.0,449950.0,452750.0,4300,0.0,0.0
2023-03-24 00:00:00-04:00,448612.0,455820.0,445886.0,453066.0,4500,0.0,0.0
2023-03-27 00:00:00-04:00,456216.0,460931.0,453852.0,457820.0,5500,0.0,0.0
2023-03-28 00:00:00-04:00,458031.0,459443.0,456117.0,459000.0,3900,0.0,0.0
2023-03-29 00:00:00-04:00,461814.0,463604.0,459979.0,462100.0,4000,0.0,0.0
2023-03-30 00:00:00-04:00,468029.0,468029.0,457562.0,461780.0,4200,0.0,0.0
2023-03-31 00:00:00-04:00,462416.0,466805.0,461434.0,465600.0,4400,0.0,0.0
2023-04-03 00:00:00-04:00,468875.0,471770.0,465570.0,469760.0,6500,0.0,0.0
2023-04-04 00:00:00-04:00,472053.0,472053.0,464855.0,467660.0,4300,0.0,0.0
2023-04-05 00:00:00-04:00,467140.0,472000.0,464694.0,471500.0,5100,0.0,0.0
2023-04-06 00:00:00-04:00,473479.0,478581.0,467601.0,478005.0,5100,0.0,0.0
2023-04-10 00:00:00-04:00,474804.0,485000.0,471706.0,476500.0,7200,0.0,0.0
2023-04-11 00:00:00-04:00,476618.0,483720.0,474227.0,480800.0,4700,0.0,0.0
2023-04-12 00:00:00-04:00,484184.0,486980.0,482018.0,483500.0,5100,0.0,0.0
2023-04-13 00:00:00-04:00,483904.0,500000.0,481321.0,490760.0,5500,0.0,0.0
2023-04-14 00:00:00-04:00,493920.0,500001.0,489776.0,496000.0,5800,0.0,0.0
2023-04-17 00:00:00-04:00,485731.0,503735.0,485731.0,497900.0,6700,0.0,0.0
2023-04-18 00:00:00-04:00,492571.0,505949.0,492571.0,496200.0,5000,0.0,0.0
2023-04-19 00:00:00-04:00,497800.0,497800.0,491590.0,494948.0,4600,0.0,0.0
2023-04-20 00:00:00-04:00,492897.0,497371.0,488221.0,496300.0,4600,0.0,0.0
2023-04-21 00:00:00-04:00,495307.0,499079.0,492891.0,496405.0,4800,0.0,0.0
2023-04-24 00:00:00-04:00,496363.0,500279.0,494659.0,498250.0,6100,0.0,0.0
2023-04-25 00:00:00-04:00,495901.0,499975.0,494619.0,495112.0,4900,0.0,0.0
2023-04-26 00:00:00-04:00,496824.0,499999.0,490350.0,491500.0,4800,0.0,0.0
2023-04-27 00:00:00-04:00,497200.0,500000.0,492072.0,499700.0,4700,0.0,0.0
2023-04-28 00:00:00-04:00,497818.0,503000.0,495916.0,502880.0,5400,0.0,0.0
2023-05-01 00:00:00-04:00,502856.0,506000.0,501485.0,503400.0,7400,0.0,0.0
2023-05-02 00:00:00-04:00,503408.0,505320.0,492584.0,494100.0,5700,0.0,0.0
2023-05-03 00:00:00-04:00,496237.0,498452.0,488606.0,488606.0,5200,0.0,0.0
2023-05-04 00:00:00-04:00,490456.0,497864.0,486821.0,489540.0,5100,0.0,0.0
2023-05-05 00:00:00-04:00,494407.0,497080.0,490000.0,491840.0,5700,0.0,0.0
2023-05-08 00:00:00-04:00,497248.0,502055.0,495500.0,497000.0,7200,0.0,0.0
2023-05-09 00:00:00-04:00,495001.0,499000.0,492495.0,499000.0,5200,0.0,0.0
2023-05-10 00:00:00-04:00,500010.0,502278.0,488675.0,492000.0,6000,0.0,0.0
2023-05-11 00:00:00-04:00,489430.0,493000.0,487000.0,493000.0,5000,0.0,0.0
2023-05-12 00:00:00-04:00,494997.0,497781.0,488991.0,491182.0,5100,0.0,0.0
2023-05-15 00:00:00-04:00,492844.0,497580.0,489001.0,495900.0,7300,0.0,0.0
2023-05-16 00:00:00-04:00,493583.0,499999.0,490756.0,498620.0,6600,0.0,0.0
2023-05-17 00:00:00-04:00,498176.0,503000.0,494787.0,500600.0,6000,0.0,0.0
2023-05-18 00:00:00-04:00,502450.0,505420.0,498125.0,504360.0,5900,0.0,0.0
2023-05-19 00:00:00-04:00,505890.0,511335.0,503905.0,507161.0,6400,0.0,0.0
2023-05-22 00:00:00-04:00,506673.0,509654.0,500697.0,501148.0,9700,0.0,0.0
2023-05-23 00:00:00-04:00,499999.0,502200.0,490950.0,491980.0,6100,0.0,0.0
2023-05-24 00:00:00-04:00,491536.0,494039.0,484394.0,486545.0,6000,0.0,0.0
2023-05-25 00:00:00-04:00,484591.0,490300.0,482500.0,484000.0,5700,0.0,0.0
2023-05-26 00:00:00-04:00,486972.0,489900.0,484811.0,486650.0,5800,0.0,0.0
2023-05-30 00:00:00-04:00,489006.0,490572.0,484736.0,489225.0,8100,0.0,0.0
2023-05-31 00:00:00-04:00,488339.0,490541.0,485565.0,488024.0,5700,0.0,0.0
2023-06-01 00:00:00-04:00,489307.0,492791.0,486125.0,492000.0,5700,0.0,0.0
2023-06-02 00:00:00-04:00,494932.0,503777.0,493283.0,503000.0,6500,0.0,0.0
2023-06-05 00:00:00-04:00,502086.0,505613.0,497500.0,498927.0,5700,0.0,0.0
2023-06-06 00:00:00-04:00,499063.0,509400.0,497601.0,508200.0,6100,0.0,0.0
2023-06-07 00:00:00-04:00,509406.0,512695.0,504649.0,511795.0,6200,0.0,0.0
2023-06-08 00:00:00-04:00,511667.0,513851.0,509750.0,512514.0,5900,0.0,0.0
2023-06-09 00:00:00-04:00,512625.0,515000.0,510391.0,510840.0,6200,0.0,0.0
2023-06-12 00:00:00-04:00,511725.0,515739.0,504490.0,509004.0,8300,0.0,0.0
2023-06-13 00:00:00-04:00,507627.0,514000.0,505531.0,513656.0,5900,0.0,0.0
2023-06-14 00:00:00-04:00,519500.0,521898.0,509268.0,510000.0,6800,0.0,0.0
2023-06-15 00:00:00-04:00,514770.0,522000.0,510000.0,516391.0,6500,0.0,0.0
2023-06-16 00:00:00-04:00,522000.0,522000.0,513368.0,514000.0,6500,0.0,0.0
2023-06-20 00:00:00-04:00,515413.0,518314.0,512436.0,515000.0,8400,0.0,0.0
2023-06-21 00:00:00-04:00,514802.0,519722.0,512636.0,515515.0,6700,0.0,0.0
2023-06-22 00:00:00-04:00,516040.0,519064.0,509058.0,511480.0,6500,0.0,0.0
2023-06-23 00:00:00-04:00,513634.0,513634.0,507100.0,510000.0,6200,0.0,0.0
2023-06-26 00:00:00-04:00,507861.0,512132.0,504112.0,507000.0,8300,0.0,0.0
2023-06-27 00:00:00-04:00,507983.0,511295.0,506537.0,510580.0,5500,0.0,0.0
2023-06-28 00:00:00-04:00,511385.0,512479.0,505000.0,506650.0,6500,0.0,0.0
2023-06-29 00:00:00-04:00,508229.0,512260.0,506527.0,512260.0,5900,0.0,0.0
2023-06-30 00:00:00-04:00,514571.0,520500.0,513645.0,517810.0,6900,0.0,0.0
2023-07-03 00:00:00-04:00,519086.0,520000.0,514585.0,519460.0,8200,0.0,0.0
2023-07-05 00:00:00-04:00,518015.0,522340.0,515001.0,521000.0,7700,0.0,0.0
2023-07-06 00:00:00-04:00,517297.0,521000.0,513874.0,519800.0,6200,0.0,0.0
2023-07-07 00:00:00-04:00,519226.0,525000.0,517617.0,521620.0,6600,0.0,0.0
2023-07-10 00:00:00-04:00,520365.0,525412.0,516953.0,517136.0,9000,0.0,0.0
2023-07-11 00:00:00-04:00,518197.0,522055.0,516914.0,521385.0,6300,0.0,0.0
2023-07-12 00:00:00-04:00,523772.0,526000.0,522315.0,525400.0,6600,0.0,0.0
2023-07-13 00:00:00-04:00,525806.0,527367.0,521758.0,521833.0,6900,0.0,0.0
2023-07-14 00:00:00-04:00,524262.0,525907.0,517294.0,517408.0,7100,0.0,0.0
2023-07-17 00:00:00-04:00,518472.0,525000.0,516972.0,523500.0,8500,0.0,0.0
2023-07-18 00:00:00-04:00,523265.0,528000.0,521743.0,524750.0,6400,0.0,0.0
2023-07-19 00:00:00-04:00,523858.0,528554.0,519753.0,520500.0,7100,0.0,0.0
2023-07-20 00:00:00-04:00,520374.0,526938.0,518403.0,526240.0,6700,0.0,0.0
2023-07-21 00:00:00-04:00,526401.0,529825.0,523925.0,527750.0,7600,0.0,0.0
2023-07-24 00:00:00-04:00,532484.0,535433.0,524251.0,532647.0,9500,0.0,0.0
2023-07-25 00:00:00-04:00,532268.0,534299.0,526271.0,528453.0,7000,0.0,0.0
2023-07-26 00:00:00-04:00,529063.0,533000.0,526126.0,531900.0,6500,0.0,0.0
2023-07-27 00:00:00-04:00,533273.0,535555.0,531500.0,531650.0,6600,0.0,0.0
2023-07-28 00:00:00-04:00,534222.0,536563.0,531889.0,533113.0,6900,0.0,0.0
2023-07-31 00:00:00-04:00,535187.0,538499.0,532000.0,535400.0,9000,0.0,0.0
2023-08-01 00:00:00-04:00,540179.0,540179.0,533101.0,534400.0,7100,0.0,0.0
2023-08-02 00:00:00-04:00,533879.0,535561.0,531000.0,533800.0,6900,0.0,0.0
2023-08-03 00:00:00-04:00,532482.0,541000.0,531000.0,541000.0,6800,0.0,0.0
2023-08-04 00:00:00-04:00,540021.0,541774.0,532550.0,533600.0,7700,0.0,0.0
2023-08-07 00:00:00-04:00,540676.0,555800.0,538323.0,551920.0,11300,0.0,0.0
2023-08-08 00:00:00-04:00,547683.0,554000.0,545087.0,553101.0,8100,0.0,0.0
2023-08-09 00:00:00-04:00,554551.0,556117.0,543250.0,545280.0,7900,0.0,0.0
2023-08-10 00:00:00-04:00,547904.0,551500.0,540995.0,543680.0,7000,0.0,0.0
2023-08-11 00:00:00-04:00,541216.0,545042.0,536800.0,542900.0,7400,0.0,0.0
2023-08-14 00:00:00-04:00,544441.0,546225.0,541465.0,543150.0,8700,0.0,0.0
2023-08-15 00:00:00-04:00,542377.0,544493.0,536555.0,538107.0,6800,0.0,0.0
2023-08-16 00:00:00-04:00,537721.0,544050.0,535939.0,537497.0,6900,0.0,0.0
2023-08-17 00:00:00-04:00,537859.0,541182.0,529000.0,535821.0,6800,0.0,0.0
2023-08-18 00:00:00-04:00,533891.0,537715.0,531970.0,535817.0,7200,0.0,0.0
2023-08-21 00:00:00-04:00,537448.0,539061.0,531000.0,534700.0,9200,0.0,0.0
2023-08-22 00:00:00-04:00,535932.0,537000.0,530865.0,531840.0,6800,0.0,0.0
2023-08-23 00:00:00-04:00,533076.0,537811.0,531294.0,537150.0,6400,0.0,0.0
2023-08-24 00:00:00-04:00,537308.0,541885.0,535111.0,537780.0,6600,0.0,0.0
2023-08-25 00:00:00-04:00,540973.0,542000.0,535850.0,540000.0,7000,0.0,0.0
2023-08-28 00:00:00-04:00,542060.0,544160.0,538000.0,539605.0,9000,0.0,0.0
2023-08-29 00:00:00-04:00,539294.0,543900.0,537000.0,543593.0,7000,0.0,0.0
2023-08-30 00:00:00-04:00,544250.0,551278.0,542615.0,547348.0,7400,0.0,0.0
2023-08-31 00:00:00-04:00,549652.0,551113.0,545082.0,546725.0,7600,0.0,0.0
2023-09-01 00:00:00-04:00,548601.0,550995.0,546454.0,550000.0,8200,0.0,0.0
2023-09-05 00:00:00-04:00,551497.0,557027.0,546000.0,546627.0,10700,0.0,0.0
2023-09-06 00:00:00-04:00,546197.0,550112.0,544520.0,548660.0,7600,0.0,0.0
2023-09-07 00:00:00-04:00,544902.0,551327.0,544902.0,548930.0,7400,0.0,0.0
2023-09-08 00:00:00-04:00,549384.0,553220.0,547336.0,551405.0,7400,0.0,0.0
2023-09-11 00:00:00-04:00,553847.0,556900.0,552243.0,555309.0,10000,0.0,0.0
2023-09-12 00:00:00-04:00,554000.0,561662.0,554000.0,557415.0,8300,0.0,0.0
2023-09-13 00:00:00-04:00,560065.0,562459.0,555001.0,557955.0,7700,0.0,0.0
2023-09-14 00:00:00-04:00,560729.0,562481.0,558568.0,561740.0,7600,0.0,0.0
2023-09-15 00:00:00-04:00,559749.0,563136.0,557471.0,559500.0,8300,0.0,0.0
2023-09-18 00:00:00-04:00,559862.0,563445.0,557962.0,562800.0,10100,0.0,0.0
2023-09-19 00:00:00-04:00,563542.0,566570.0,559100.0,563073.0,7800,0.0,0.0
2023-09-20 00:00:00-04:00,563549.0,564862.0,556250.0,556580.0,7900,0.0,0.0
2023-09-21 00:00:00-04:00,555476.0,558032.0,550500.0,551030.0,7800,0.0,0.0
2023-09-22 00:00:00-04:00,551304.0,553097.0,545410.0,546215.0,8100,0.0,0.0
2023-09-25 00:00:00-04:00,544977.0,549032.0,542482.0,548360.0,9500,0.0,0.0
2023-09-26 00:00:00-04:00,545104.0,547380.0,543213.0,545870.0,7300,0.0,0.0
2023-09-27 00:00:00-04:00,546982.0,548652.0,537500.0,542495.0,7900,0.0,0.0
2023-09-28 00:00:00-04:00,542978.0,545360.0,540875.0,541105.0,7000,0.0,0.0
2023-09-29 00:00:00-04:00,542758.0,544264.0,529000.0,531477.0,8800,0.0,0.0
2023-10-02 00:00:00-04:00,531214.0,532938.0,524000.0,527960.0,10700,0.0,0.0
2023-10-03 00:00:00-04:00,527206.0,529952.0,519300.0,521919.0,7600,0.0,0.0
2023-10-04 00:00:00-04:00,520739.0,522783.0,515110.0,521675.0,7800,0.0,0.0
2023-10-05 00:00:00-04:00,522287.0,524935.0,519650.0,523545.0,7200,0.0,0.0
2023-10-06 00:00:00-04:00,524162.0,529080.0,518565.0,525425.0,7900,0.0,0.0
2023-10-09 00:00:00-04:00,520964.0,525070.0,520000.0,523690.0,9400,0.0,0.0
2023-10-10 00:00:00-04:00,527976.0,530500.0,524065.0,528530.0,7300,0.0,0.0
2023-10-11 00:00:00-04:00,531440.0,533864.0,523175.0,528820.0,7700,0.0,0.0
2023-10-12 00:00:00-04:00,528765.0,530440.0,520550.0,524517.0,7500,0.0,0.0
2023-10-13 00:00:00-04:00,525493.0,528798.0,522000.0,522700.0,7400,0.0,0.0
2023-10-16 00:00:00-04:00,527957.0,531300.0,525380.0,527475.0,9100,0.0,0.0
2023-10-17 00:00:00-04:00,525924.0,530475.0,524000.0,527750.0,7100,0.0,0.0
2023-10-18 00:00:00-04:00,526116.0,528031.0,517200.0,518145.0,7600,0.0,0.0
2023-10-19 00:00:00-04:00,518293.0,520675.0,514425.0,515550.0,7000,0.0,0.0
2023-10-20 00:00:00-04:00,514438.0,517954.0,508815.0,511000.0,7800,0.0,0.0
2023-10-23 00:00:00-04:00,508564.0,515890.0,507122.0,512500.0,8900,0.0,0.0
2023-10-24 00:00:00-04:00,514760.0,516975.0,513072.0,516250.0,6700,0.0,0.0
2023-10-25 00:00:00-04:00,514932.0,516735.0,511750.0,512400.0,7100,0.0,0.0
2023-10-26 00:00:00-04:00,512653.0,515000.0,508321.0,510125.0,7200,0.0,0.0
2023-10-27 00:00:00-04:00,509479.0,511180.0,502000.0,503375.0,7900,0.0,0.0
2023-10-30 00:00:00-04:00,505703.0,513700.0,504050.0,513065.0,8800,0.0,0.0
2023-10-31 00:00:00-04:00,513630.0,518780.0,512036.0,517825.0,6600,0.0,0.0
2023-11-01 00:00:00-04:00,517662.0,538000.0,515921.0,523749.0,7400,0.0,0.0
2023-11-02 00:00:00-04:00,527362.0,530800.0,523701.0,530340.0,7100,0.0,0.0
2023-11-03 00:00:00-04:00,533032.0,537565.0,531024.0,533815.0,8000,0.0,0.0
2023-11-06 00:00:00-05:00,538674.0,541143.0,522208.0,526450.0,11200,0.0,0.0
2023-11-07 00:00:00-05:00,525816.0,528200.0,522475.0,525280.0,7300,0.0,0.0
2023-11-08 00:00:00-05:00,525821.0,528000.0,523050.0,526660.0,7300,0.0,0.0
2023-11-09 00:00:00-05:00,528812.0,531125.0,526310.0,528225.0,7100,0.0,0.0
2023-11-10 00:00:00-05:00,531935.0,535945.0,527926.0,531886.0,7800,0.0,0.0
2023-11-13 00:00:00-05:00,533683.0,537355.0,528925.0,531288.0,9400,0.0,0.0
2023-11-14 00:00:00-05:00,535813.0,540000.0,532756.0,537400.0,7200,0.0,0.0
2023-11-15 00:00:00-05:00,538345.0,543615.0,536701.0,542500.0,7600,0.0,0.0
2023-11-16 00:00:00-05:00,543156.0,548200.0,539766.0,546635.0,7300,0.0,0.0
2023-11-17 00:00:00-05:00,547922.0,550000.0,542850.0,544190.0,8000,0.0,0.0
2023-11-20 00:00:00-05:00,544468.0,550765.0,542867.0,547836.0,9900,0.0,0.0
2023-11-21 00:00:00-05:00,546992.0,550664.0,545180.0,547625.0,7200,0.0,0.0
2023-11-22 00:00:00-05:00,549224.0,550843.0,546403.0,549520.0,7300,0.0,0.0
2023-11-24 00:00:00-05:00,549943.0,550995.0,547900.0,549500.0,7700,0.0,0.0
2023-11-27 00:00:00-05:00,549505.0,553258.0,545425.0,547445.0,9900,0.0,0.0
2023-11-28 00:00:00-05:00,547930.0,549189.0,545882.0,546869.0,6900,0.0,0.0
2023-11-29 00:00:00-05:00,546952.0,548750.0,543615.0,543905.0,7600,0.0,0.0
2023-11-30 00:00:00-05:00,544762.0,546796.0,543600.0,545900.0,7400,0.0,0.0
2023-12-01 00:00:00-05:00,545957.0,547067.0,538805.0,542414.0,8900,0.0,0.0
2023-12-04 00:00:00-05:00,541161.0,543114.0,537000.0,542395.0,10100,0.0,0.0
2023-12-05 00:00:00-05:00,539845.0,545980.0,535140.0,539250.0,7500,0.0,0.0
2023-12-06 00:00:00-05:00,542181.0,544350.0,535220.0,535220.0,7500,0.0,0.0
2023-12-07 00:00:00-05:00,536072.0,538820.0,533700.0,537780.0,7000,0.0,0.0
2023-12-08 00:00:00-05:00,538004.0,542144.0,534914.0,540000.0,7600,0.0,0.0
2023-12-11 00:00:00-05:00,540632.0,550000.0,535881.0,546907.0,10400,0.0,0.0
2023-12-12 00:00:00-05:00,545954.0,554000.0,545797.0,549240.0,7900,0.0,0.0
2023-12-13 00:00:00-05:00,551682.0,556730.0,549373.0,555800.0,7800,0.0,0.0
2023-12-14 00:00:00-05:00,558014.0,560513.0,546540.0,549760.0,8100,0.0,0.0
2023-12-15 00:00:00-05:00,547249.0,550780.0,538512.0,544478.0,8400,0.0,0.0
2023-12-18 00:00:00-05:00,546524.0,555375.0,545079.0,551182.0,10500,0.0,0.0
2023-12-19 00:00:00-05:00,552722.0,556367.0,549720.0,554650.0,7500,0.0,0.0
2023-12-20 00:00:00-05:00,553885.0,556000.0,543000.0,543740.0,8100,0.0,0.0
2023-12-21 00:00:00-05:00,545138.0,547495.0,538260.0,541000.0,7700,0.0,0.0
2023-12-22 00:00:00-05:00,543209.0,546100.0,540177.0,542600.0,7800,0.0,0.0
2023-12-26 00:00:00-05:00,541225.0,546000.0,540786.0,543635.0,10900,0.0,0.0
2023-12-27 00:00:00-05:00,543003.0,545187.0,540226.0,543750.0,7600,0.0,0.0
2023-12-28 00:00:00-05:00,543683.0,548889.0,540005.0,545000.0,7400,0.0,0.0
2023-12-29 00:00:00-05:00,543924.0,545173.0,540100.0,542625.0,8100,0.0,0.0
2024-01-02 00:00:00-05:00,539496.0,550500.0,539496.0,549787.0,12000,0.0,0.0
2024-01-03 00:00:00-05:00,549272.0,557900.0,547106.0,556050.0,9500,0.0,0.0
2024-01-04 00:00:00-05:00,557707.0,560400.0,551100.0,551550.0,9100,0.0,0.0
2024-01-05 00:00:00-05:00,555300.0,555684.0,549896.0,554300.0,8100,0.0,0.0
2024-01-08 00:00:00-05:00,558068.0,558830.0,552240.0,558780.0,10900,0.0,0.0
2024-01-09 00:00:00-05:00,558396.0,559315.0,553270.0,556500.0,7800,0.0,0.0
2024-01-10 00:00:00-05:00,556223.0,560985.0,555000.0,557590.0,8000,0.0,0.0
2024-01-11 00:00:00-05:00,557553.0,558534.0,550000.0,551695.0,8300,0.0,0.0
2024-01-12 00:00:00-05:00,556150.0,556975.0,550000.0,551800.0,8100,0.0,0.0
2024-01-16 00:00:00-05:00,551287.0,551713.0,546077.0,547520.0,11900,0.0,0.0
2024-01-17 00:00:00-05:00,545847.0,549845.0,543236.0,545250.0,8400,0.0,0.0
2024-01-18 00:00:00-05:00,546102.0,549850.0,543375.0,549477.0,7800,0.0,0.0
2024-01-19 00:00:00-05:00,549451.0,558685.0,547750.0,556710.0,8800,0.0,0.0
2024-01-22 00:00:00-05:00,557031.0,560960.0,555730.0,558316.0,11600,0.0,0.0
2024-01-23 00:00:00-05:00,558555.0,564810.0,557245.0,564133.0,8600,0.0,0.0
2024-01-24 00:00:00-05:00,565053.0,572728.0,564000.0,570977.0,9600,0.0,0.0
2024-01-25 00:00:00-05:00,576436.0,577252.0,571800.0,576211.0,9300,0.0,0.0
2024-01-26 00:00:00-05:00,577154.0,582896.0,574800.0,582300.0,10000,0.0,0.0
2024-01-29 00:00:00-05:00,582248.0,585349.0,572375.0,578800.0,13800,0.0,0.0
2024-01-30 00:00:00-05:00,577853.0,584765.0,575246.0,584680.0,9800,0.0,0.0
2024-01-31 00:00:00-05:00,583773.0,585140.0,578020.0,578020.0,9700,0.0,0.0
2024-02-01 00:00:00-05:00,579638.0,582500.0,575060.0,581600.0,9800,0.0,0.0
2024-02-02 00:00:00-05:00,582190.0,590000.0,579791.0,589498.0,10600,0.0,0.0
2024-02-05 00:00:00-05:00,588726.0,592665.0,585090.0,589404.0,13500,0.0,0.0
2024-02-06 00:00:00-05:00,588028.0,593000.0,586418.0,592370.0,10000,0.0,0.0
2024-02-07 00:00:00-05:00,593795.0,600531.0,592933.0,599300.0,10900,0.0,0.0
2024-02-08 00:00:00-05:00,596493.0,600000.0,594510.0,597000.0,10600,0.0,0.0
2024-02-09 00:00:00-05:00,597889.0,599090.0,595720.0,599090.0,10500,0.0,0.0
2024-02-12 00:00:00-05:00,600015.0,600635.0,596000.0,597092.0,14000,0.0,0.0
2024-02-13 00:00:00-05:00,598179.0,601000.0,590340.0,593850.0,10800,0.0,0.0
2024-02-14 00:00:00-05:00,595655.0,601000.0,592755.0,601000.0,10300,0.0,0.0
2024-02-15 00:00:00-05:00,602694.0,608500.0,600000.0,607000.0,11400,0.0,0.0
2024-02-16 00:00:00-05:00,607983.0,612395.0,605721.0,610086.0,12600,0.0,0.0
2024-02-20 00:00:00-05:00,611884.0,619237.0,611020.0,613140.0,20300,0.0,0.0
2024-02-21 00:00:00-05:00,613998.0,617550.0,612052.0,617011.0,12700,0.0,0.0
2024-02-22 00:00:00-05:00,620749.0,626947.0,617661.0,625510.0,13300,0.0,0.0
2024-02-23 00:00:00-05:00,629210.0,632820.0,626900.0,628930.0,14200,0.0,0.0
2024-02-26 00:00:00-05:00,634902.0,647039.0,615356.0,615356.0,20800,0.0,0.0
2024-02-27 00:00:00-05:00,616959.0,619849.0,605000.0,617300.0,14600,0.0,0.0
2024-02-28 00:00:00-05:00,614827.0,625000.0,613777.0,621055.0,13300,0.0,0.0
2024-02-29 00:00:00-05:00,623019.0,624775.0,615150.0,616561.0,13600,0.0,0.0
2024-03-01 00:00:00-05:00,617727.0,619399.0,611185.0,613965.0,14500,0.0,0.0
2024-03-04 00:00:00-05:00,611956.0,613909.0,605000.0,608140.0,18300,0.0,0.0
2024-03-05 00:00:00-05:00,607378.0,608719.0,600401.0,604619.0,13400,0.0,0.0
2024-03-06 00:00:00-05:00,606297.0,613900.0,605051.0,607453.0,12800,0.0,0.0
2024-03-07 00:00:00-05:00,611416.0,614089.0,601355.0,605560.0,12900,0.0,0.0
2024-03-08 00:00:00-05:00,605164.0,609748.0,601746.0,609748.0,13500,0.0,0.0
2024-03-11 00:00:00-04:00,608130.0,611735.0,605130.0,607756.0,16500,0.0,0.0
2024-03-12 00:00:00-04:00,612493.0,613753.0,609000.0,609710.0,11600,0.0,0.0
2024-03-13 00:00:00-04:00,610247.0,615645.0,608503.0,613900.0,12100,0.0,0.0
2024-03-14 00:00:00-04:00,615655.0,617260.0,607130.0,612500.0,12000,0.0,0.0
2024-03-15 00:00:00-04:00,606328.0,619440.0,604261.0,618134.0,13500,0.0,0.0
2024-03-18 00:00:00-04:00,618164.0,621644.0,613000.0,617880.0,16700,0.0,0.0
2024-03-19 00:00:00-04:00,616871.0,622893.0,615000.0,622777.0,12600,0.0,0.0
2024-03-20 00:00:00-04:00,623514.0,628664.0,619341.0,628390.0,12900,0.0,0.0
2024-03-21 00:00:00-04:00,630472.0,633349.0,625000.0,625095.0,13100,0.0,0.0
2024-03-22 00:00:00-04:00,623558.0,626334.0,621121.0,623040.0,12800,0.0,0.0
2024-03-25 00:00:00-04:00,622726.0,625000.0,617521.0,619500.0,16500,0.0,0.0
2024-03-26 00:00:00-04:00,619805.0,623790.0,616716.0,622380.0,12700,0.0,0.0
2024-03-27 00:00:00-04:00,625082.0,630000.0,621646.0,629610.0,12900,0.0,0.0
2024-03-28 00:00:00-04:00,630365.0,634800.0,628150.0,634440.0,13100,0.0,0.0
2024-04-01 00:00:00-04:00,634831.0,637350.0,629565.0,634030.0,21100,0.0,0.0
2024-04-02 00:00:00-04:00,634792.0,637637.0,629648.0,630289.0,13400,0.0,0.0
2024-04-03 00:00:00-04:00,631182.0,635100.0,629796.0,633899.0,13200,0.0,0.0
2024-04-04 00:00:00-04:00,638862.0,641148.0,626439.0,628420.0,13500,0.0,0.0
2024-04-05 00:00:00-04:00,630100.0,633809.0,626391.0,631255.0,13300,0.0,0.0
2024-04-08 00:00:00-04:00,631663.0,633800.0,628085.0,628640.0,16900,0.0,0.0
2024-04-09 00:00:00-04:00,629422.0,630600.0,623080.0,626900.0,13000,0.0,0.0
2024-04-10 00:00:00-04:00,623855.0,626246.0,616500.0,618950.0,13400,0.0,0.0
2024-04-11 00:00:00-04:00,618460.0,622364.0,611050.0,616670.0,12800,0.0,0.0
2024-04-12 00:00:00-04:00,613407.0,615652.0,608000.0,608091.0,13700,0.0,0.0
2024-04-15 00:00:00-04:00,613163.0,618112.0,604300.0,604500.0,17100,0.0,0.0
2024-04-16 00:00:00-04:00,606513.0,610199.0,598160.0,598160.0,12800,0.0,0.0
2024-04-17 00:00:00-04:00,600651.0,602900.0,596000.0,600300.0,12800,0.0,0.0
2024-04-18 00:00:00-04:00,601345.0,607875.0,598311.0,604144.0,12200,0.0,0.0
2024-04-19 00:00:00-04:00,604381.0,611244.0,602661.0,611244.0,13400,0.0,0.0
2024-04-22 00:00:00-04:00,616550.0,619765.0,611521.0,617284.0,18100,0.0,0.0
2024-04-23 00:00:00-04:00,619780.0,622139.0,608251.0,615175.0,13100,0.0,0.0
2024-04-24 00:00:00-04:00,615467.0,618989.0,610000.0,613420.0,12800,0.0,0.0
2024-04-25 00:00:00-04:00,612589.0,614099.0,605750.0,611560.0,12500,0.0,0.0
2024-04-26 00:00:00-04:00,610258.0,612739.0,606032.0,606920.0,13600,0.0,0.0
2024-04-29 00:00:00-04:00,606000.0,611041.0,604669.0,605500.0,16500,0.0,0.0
2024-04-30 00:00:00-04:00,607189.0,607189.0,599500.0,599500.0,12900,0.0,0.0
2024-05-01 00:00:00-04:00,596421.0,607055.0,596421.0,602100.0,13500,0.0,0.0
2024-05-02 00:00:00-04:00,609950.0,609950.0,600586.0,606413.0,12400,0.0,0.0
2024-05-03 00:00:00-04:00,612883.0,616000.0,602415.0,603000.0,14000,0.0,0.0
2024-05-06 00:00:00-04:00,609364.0,612000.0,601500.0,608795.0,18000,0.0,0.0
2024-05-07 00:00:00-04:00,612000.0,613160.0,607850.0,611258.0,13000,0.0,0.0
2024-05-08 00:00:00-04:00,611543.0,613000.0,608035.0,612100.0,13200,0.0,0.0
2024-05-09 00:00:00-04:00,611970.0,615835.0,609606.0,615835.0,12600,0.0,0.0
2024-05-10 00:00:00-04:00,620000.0,622000.0,615441.0,622000.0,14100,0.0,0.0
2024-05-13 00:00:00-04:00,624401.0,626700.0,619385.0,621000.0,17700,0.0,0.0
2024-05-14 00:00:00-04:00,619501.0,622000.0,616490.0,619250.0,13700,0.0,0.0
2024-05-15 00:00:00-04:00,619654.0,624260.0,616711.0,622815.0,13700,0.0,0.0
2024-05-16 00:00:00-04:00,625889.0,628582.0,620706.0,625100.0,14900,0.0,0.0
2024-05-17 00:00:00-04:00,626550.0,629555.0,622141.0,629375.0,14400,0.0,0.0
2024-05-20 00:00:00-04:00,629418.0,632234.0,623000.0,623250.0,15800,0.0,0.0
2024-05-21 00:00:00-04:00,624826.0,627500.0,621961.0,625150.0,11900,0.0,0.0
2024-05-22 00:00:00-04:00,625706.0,630000.0,623648.0,625100.0,11800,0.0,0.0
2024-05-23 00:00:00-04:00,624250.0,625500.0,612055.0,612320.0,12500,0.0,0.0
2024-05-24 00:00:00-04:00,615271.0,616412.0,612117.0,615900.0,12200,0.0,0.0
2024-05-28 00:00:00-04:00,615850.0,617626.0,607320.0,609000.0,17600,0.0,0.0
2024-05-29 00:00:00-04:00,609171.0,613468.0,607135.0,608816.0,12200,0.0,0.0
2024-05-30 00:00:00-04:00,608847.0,617700.0,607500.0,617690.0,11500,0.0,0.0
2024-05-31 00:00:00-04:00,617941.0,627400.0,614686.0,627400.0,12400,0.0,0.0
2024-06-03 00:00:00-04:00,625735.0,741971.0,623520.0,631110.0,9800,0.0,0.0
2024-06-04 00:00:00-04:00,634999.0,634999.0,612375.0,617435.0,18700,0.0,0.0
2024-06-05 00:00:00-04:00,617250.0,619850.0,611720.0,618000.0,14900,0.0,0.0
2024-06-06 00:00:00-04:00,617885.0,620000.0,614235.0,620000.0,12700,0.0,0.0
2024-06-07 00:00:00-04:00,618894.0,626000.0,617795.0,622291.0,2300,0.0,0.0
2024-06-10 00:00:00-04:00,623667.0,623667.0,616500.0,617700.0,2900,0.0,0.0
2024-06-11 00:00:00-04:00,615978.0,615978.0,611050.0,615769.0,2200,0.0,0.0
2024-06-12 00:00:00-04:00,619446.0,619835.0,613250.0,615592.0,2000,0.0,0.0
2024-06-13 00:00:00-04:00,614838.0,616000.0,607340.0,611500.0,2700,0.0,0.0
2024-06-14 00:00:00-04:00,609134.0,612000.0,607957.0,610900.0,1900,0.0,0.0
2024-06-17 00:00:00-04:00,610584.0,613860.0,607888.0,613860.0,2500,0.0,0.0
2024-06-18 00:00:00-04:00,612221.0,615000.0,610100.0,615000.0,1900,0.0,0.0
2024-06-20 00:00:00-04:00,613556.0,617845.0,607290.0,617250.0,2900,0.0,0.0
2024-06-21 00:00:00-04:00,616697.0,618195.0,613195.0,615001.0,1800,0.0,0.0
2024-06-24 00:00:00-04:00,617136.0,627160.0,615811.0,624082.0,2800,0.0,0.0
2024-06-25 00:00:00-04:00,623716.0,623716.0,617110.0,620800.0,1800,0.0,0.0
2024-06-26 00:00:00-04:00,618211.0,618446.0,614228.0,617071.0,1500,0.0,0.0
2024-06-27 00:00:00-04:00,617544.0,617945.0,611600.0,615000.0,2300,0.0,0.0
2024-06-28 00:00:00-04:00,614971.0,617155.0,611827.0,612241.0,1600,0.0,0.0
2024-07-01 00:00:00-04:00,614967.0,617135.0,608100.0,610460.0,2200,0.0,0.0
2024-07-02 00:00:00-04:00,608906.0,613149.0,607955.0,610668.0,1400,0.0,0.0
2024-07-03 00:00:00-04:00,612842.0,612842.0,608520.0,611375.0,1200,0.0,0.0
2024-07-05 00:00:00-04:00,611929.0,619174.0,609731.0,618545.0,2100,0.0,0.0
2024-07-08 00:00:00-04:00,618689.0,622760.0,613205.0,614425.0,2800,0.0,0.0
2024-07-09 00:00:00-04:00,615105.0,622068.0,613878.0,619000.0,1700,0.0,0.0
2024-07-10 00:00:00-04:00,618404.0,622812.0,616000.0,622506.0,2100,0.0,0.0
2024-07-11 00:00:00-04:00,623513.0,630100.0,620000.0,629080.0,1800,0.0,0.0
2024-07-12 00:00:00-04:00,632000.0,643333.0,630501.0,639500.0,2000,0.0,0.0
2024-07-15 00:00:00-04:00,640681.0,653861.0,639541.0,652997.0,2600,0.0,0.0
2024-07-16 00:00:00-04:00,657735.0,660752.0,653165.0,660388.0,2000,0.0,0.0
2024-07-17 00:00:00-04:00,658756.0,671370.0,656501.0,671280.0,2200,0.0,0.0
2024-07-18 00:00:00-04:00,670291.0,676107.0,660870.0,662820.0,2000,0.0,0.0
2024-07-19 00:00:00-04:00,663908.0,665550.0,651000.0,652040.0,1900,0.0,0.0
2024-07-22 00:00:00-04:00,654620.0,657773.0,649449.0,655260.0,1900,0.0,0.0
2024-07-23 00:00:00-04:00,656586.0,657555.0,651520.0,651580.0,1300,0.0,0.0
2024-07-24 00:00:00-04:00,651725.0,653820.0,647112.0,650080.0,1300,0.0,0.0
2024-07-25 00:00:00-04:00,647909.0,659605.0,645847.0,649950.0,1300,0.0,0.0
2024-07-26 00:00:00-04:00,653044.0,658595.0,651164.0,657180.0,1400,0.0,0.0
2024-07-29 00:00:00-04:00,657567.0,660500.0,653540.0,658060.0,2000,0.0,0.0
2024-07-30 00:00:00-04:00,659078.0,666022.0,657733.0,662125.0,1600,0.0,0.0
2024-07-31 00:00:00-04:00,661914.0,661914.0,657159.0,659211.0,1500,0.0,0.0
2024-08-01 00:00:00-04:00,659903.0,661286.0,647000.0,647000.0,1900,0.0,0.0
2024-08-02 00:00:00-04:00,645788.0,654555.0,636190.0,641435.0,1800,0.0,0.0
2024-08-05 00:00:00-04:00,619493.0,626755.0,609579.0,620040.0,4500,0.0,0.0
2024-08-06 00:00:00-04:00,625120.0,641130.0,622480.0,633175.0,2400,0.0,0.0
2024-08-07 00:00:00-04:00,641500.0,649483.0,638716.0,641000.0,1600,0.0,0.0
2024-08-08 00:00:00-04:00,644425.0,648888.0,641244.0,648888.0,1300,0.0,0.0
2024-08-09 00:00:00-04:00,648525.0,652041.0,645672.0,647523.0,1200,0.0,0.0
2024-08-12 00:00:00-04:00,651095.0,651337.0,643885.0,646450.0,1800,0.0,0.0
2024-08-13 00:00:00-04:00,647557.0,650000.0,639456.0,649105.0,1400,0.0,0.0
2024-08-14 00:00:00-04:00,650282.0,658426.0,648105.0,657122.0,1300,0.0,0.0
2024-08-15 00:00:00-04:00,661860.0,663915.0,658004.0,661145.0,1400,0.0,0.0
2024-08-16 00:00:00-04:00,662468.0,667770.0,660121.0,667130.0,1400,0.0,0.0
2024-08-19 00:00:00-04:00,669043.0,675651.0,667841.0,672940.0,2100,0.0,0.0
2024-08-20 00:00:00-04:00,674185.0,675575.0,669575.0,672400.0,1500,0.0,0.0
2024-08-21 00:00:00-04:00,674795.0,675500.0,666100.0,669500.0,1300,0.0,0.0
2024-08-22 00:00:00-04:00,670559.0,674172.0,666906.0,674000.0,1400,0.0,0.0
2024-08-23 00:00:00-04:00,675400.0,680342.0,673379.0,680330.0,1400,0.0,0.0
2024-08-26 00:00:00-04:00,682960.0,688651.0,680180.0,682200.0,1900,0.0,0.0
2024-08-27 00:00:00-04:00,682246.0,692940.0,682126.0,691350.0,1500,0.0,0.0
2024-08-28 00:00:00-04:00,691309.0,699837.0,689221.0,696502.0,1900,0.0,0.0
2024-08-29 00:00:00-04:00,700563.0,704650.0,694724.0,702320.0,2000,0.0,0.0
2024-08-30 00:00:00-04:00,705674.0,715300.0,704406.0,715300.0,1800,0.0,0.0
2024-09-03 00:00:00-04:00,711879.0,723866.0,710844.0,715910.0,3600,0.0,0.0
2024-09-04 00:00:00-04:00,718360.0,727115.0,711466.0,715778.0,2200,0.0,0.0
2024-09-05 00:00:00-04:00,718849.0,718851.0,694633.0,696160.0,2500,0.0,0.0
2024-09-06 00:00:00-04:00,695966.0,702228.0,687951.0,689287.0,2000,0.0,0.0
2024-09-09 00:00:00-04:00,695039.0,699202.0,688830.0,689280.0,2300,0.0,0.0
2024-09-10 00:00:00-04:00,693130.0,696614.0,684305.0,688076.0,1700,0.0,0.0
2024-09-11 00:00:00-04:00,686972.0,687143.0,667886.0,680040.0,2200,0.0,0.0
2024-09-12 00:00:00-04:00,681633.0,682448.0,673972.0,675380.0,1600,0.0,0.0
2024-09-13 00:00:00-04:00,677352.0,678234.0,671000.0,671750.0,1900,0.0,0.0
2024-09-16 00:00:00-04:00,673038.0,678827.0,671436.0,677731.0,1900,0.0,0.0
2024-09-17 00:00:00-04:00,680703.0,691164.0,679124.0,685250.0,1300,0.0,0.0
2024-09-18 00:00:00-04:00,687500.0,688902.0,682214.0,686859.0,1200,0.0,0.0
2024-09-19 00:00:00-04:00,692979.0,693775.0,686000.0,687840.0,1500,0.0,0.0
2024-09-20 00:00:00-04:00,687270.0,687270.0,680940.0,685490.0,1700,0.0,0.0
2024-09-23 00:00:00-04:00,685756.0,689680.0,680510.0,685320.0,2000,0.0,0.0
2024-09-24 00:00:00-04:00,682820.0,683967.0,678819.0,683913.0,1500,0.0,0.0
2024-09-25 00:00:00-04:00,683447.0,684000.0,678243.0,679850.0,1400,0.0,0.0
2024-09-26 00:00:00-04:00,678738.0,685908.0,677501.0,683340.0,1300,0.0,0.0
2024-09-27 00:00:00-04:00,683957.0,687677.0,682200.0,686182.0,1200,0.0,0.0
2024-09-30 00:00:00-04:00,687410.0,691562.0,682845.0,691180.0,1700,0.0,0.0
2024-10-01 00:00:00-04:00,689737.0,689848.0,682612.0,685000.0,1700,0.0,0.0
2024-10-02 00:00:00-04:00,687660.0,687828.0,681538.0,685000.0,1400,0.0,0.0
2024-10-03 00:00:00-04:00,681673.0,683805.0,676597.0,678640.0,1400,0.0,0.0
2024-10-04 00:00:00-04:00,681701.0,693839.0,680401.0,693839.0,1400,0.0,0.0
2024-10-07 00:00:00-04:00,693481.0,693481.0,678640.0,680000.0,2200,0.0,0.0
2024-10-08 00:00:00-04:00,683090.0,686000.0,678000.0,678000.0,1200,0.0,0.0
2024-10-09 00:00:00-04:00,679444.0,686725.0,678257.0,683400.0,1100,0.0,0.0
2024-10-10 00:00:00-04:00,685932.0,687848.0,679100.0,682470.0,1300,0.0,0.0
2024-10-11 00:00:00-04:00,682894.0,694780.0,681960.0,691500.0,1500,0.0,0.0
2024-10-14 00:00:00-04:00,692695.0,693598.0,685000.0,685000.0,1900,0.0,0.0
2024-10-15 00:00:00-04:00,691717.0,699583.0,689997.0,693614.0,1500,0.0,0.0
2024-10-16 00:00:00-04:00,697415.0,699413.0,693925.0,699413.0,1200,0.0,0.0
2024-10-17 00:00:00-04:00,701664.0,701858.0,696939.0,697640.0,1300,0.0,0.0
2024-10-18 00:00:00-04:00,699483.0,700670.0,695105.0,698500.0,1300,0.0,0.0
2024-10-21 00:00:00-04:00,697639.0,698634.0,692966.0,698000.0,1800,0.0,0.0
2024-10-22 00:00:00-04:00,696199.0,698065.0,687457.0,692600.0,1400,0.0,0.0
2024-10-23 00:00:00-04:00,691262.0,695422.0,688500.0,691220.0,1100,0.0,0.0
2024-10-24 00:00:00-04:00,691845.0,692021.0,682016.0,687000.0,1600,0.0,0.0
2024-10-25 00:00:00-04:00,687548.0,689299.0,680300.0,681999.0,1800,0.0,0.0
2024-10-28 00:00:00-04:00,683583.0,688839.0,681851.0,688354.0,1800,0.0,0.0
2024-10-29 00:00:00-04:00,687948.0,688345.0,682100.0,682920.0,1700,0.0,0.0
2024-10-30 00:00:00-04:00,682960.0,686686.0,681395.0,682600.0,1200,0.0,0.0
2024-10-31 00:00:00-04:00,682525.0,685500.0,676128.0,676960.0,1300,0.0,0.0
2024-11-01 00:00:00-04:00,678393.0,682986.0,676271.0,678000.0,1300,0.0,0.0
2024-11-04 00:00:00-05:00,676450.0,676678.0,657498.0,664750.0,3000,0.0,0.0
2024-11-05 00:00:00-05:00,664640.0,667522.0,661970.0,666684.0,1700,0.0,0.0
2024-11-06 00:00:00-05:00,688739.0,703419.0,685516.0,703000.0,2900,0.0,0.0
2024-11-07 00:00:00-05:00,702299.0,704053.0,688252.0,688252.0,2600,0.0,0.0
2024-11-08 00:00:00-05:00,692712.0,699414.0,689582.0,695878.0,1700,0.0,0.0
2024-11-11 00:00:00-05:00,699170.0,705634.0,696759.0,700224.0,2900,0.0,0.0
2024-11-12 00:00:00-05:00,702637.0,702637.0,698000.0,700700.0,1700,0.0,0.0
2024-11-13 00:00:00-05:00,701027.0,702395.0,696500.0,702250.0,1700,0.0,0.0
2024-11-14 00:00:00-05:00,702950.0,703780.0,698839.0,700600.0,1400,0.0,0.0
2024-11-15 00:00:00-05:00,698399.0,707991.0,697078.0,705999.0,1800,0.0,0.0
2024-11-18 00:00:00-05:00,705423.0,708868.0,702700.0,708000.0,2300,0.0,0.0
2024-11-19 00:00:00-05:00,706008.0,706645.0,697815.0,703960.0,1700,0.0,0.0
2024-11-20 00:00:00-05:00,704051.0,705408.0,699264.0,703300.0,1300,0.0,0.0
2024-11-21 00:00:00-05:00,704176.0,711778.0,699578.0,707250.0,1500,0.0,0.0
2024-11-22 00:00:00-05:00,708184.0,715958.0,705000.0,714280.0,1500,0.0,0.0
2024-11-25 00:00:00-05:00,718596.0,723473.0,715373.0,716399.0,2400,0.0,0.0
2024-11-26 00:00:00-05:00,716453.0,719159.0,709599.0,718520.0,1400,0.0,0.0
2024-11-27 00:00:00-05:00,720776.0,737301.0,720053.0,723549.0,1600,0.0,0.0
2024-11-29 00:00:00-05:00,730091.0,730097.0,723050.0,724040.0,1300,0.0,0.0
2024-12-02 00:00:00-05:00,725911.0,727000.0,712204.0,715880.0,3200,0.0,0.0
2024-12-03 00:00:00-05:00,716739.0,717722.0,703355.0,705659.0,2300,0.0,0.0
2024-12-04 00:00:00-05:00,706754.0,707280.0,699836.0,701601.0,2100,0.0,0.0
2024-12-05 00:00:00-05:00,703616.0,708806.0,702231.0,704406.0,1700,0.0,0.0
2024-12-06 00:00:00-05:00,706750.0,706913.0,701546.0,705237.0,1500,0.0,0.0
2024-12-09 00:00:00-05:00,707089.0,707089.0,695000.0,696160.0,2600,0.0,0.0
2024-12-10 00:00:00-05:00,697092.0,699361.0,689630.0,694620.0,1600,0.0,0.0
2024-12-11 00:00:00-05:00,695963.0,697814.0,688000.0,690666.0,2100,0.0,0.0
2024-12-12 00:00:00-05:00,693017.0,695000.0,686850.0,686850.0,1700,0.0,0.0
2024-12-13 00:00:00-05:00,690449.0,690449.0,685350.0,685934.0,1400,0.0,0.0
2024-12-16 00:00:00-05:00,688354.0,690189.0,682171.0,683788.0,2100,0.0,0.0
2024-12-17 00:00:00-05:00,679987.0,685141.0,678050.0,684120.0,1500,0.0,0.0
2024-12-18 00:00:00-05:00,686377.0,687812.0,670000.0,670738.0,1500,0.0,0.0
2024-12-19 00:00:00-05:00,677657.0,680405.0,673274.0,673274.0,1600,0.0,0.0
2024-12-20 00:00:00-05:00,674074.0,687625.0,671775.0,682500.0,1500,0.0,0.0
2024-12-23 00:00:00-05:00,680000.0,681999.0,674589.0,681999.0,1700,0.0,0.0
2024-12-24 00:00:00-05:00,683354.0,688029.0,681258.0,687442.0,700,0.0,0.0
2024-12-26 00:00:00-05:00,686033.0,689042.0,683692.0,687600.0,1100,0.0,0.0
2024-12-27 00:00:00-05:00,686994.0,691344.0,676900.0,684909.0,1300,0.0,0.0
2024-12-30 00:00:00-05:00,681727.0,681768.0,673626.0,678120.0,1700,0.0,0.0
2024-12-31 00:00:00-05:00,678863.0,681700.0,676449.0,680920.0,1200,0.0,0.0
2025-01-02 00:00:00-05:00,685049.0,685330.0,674923.0,675500.0,1900,0.0,0.0
2025-01-03 00:00:00-05:00,678874.0,681583.0,675120.0,681460.0,1300,0.0,0.0
2025-01-06 00:00:00-05:00,681925.0,684124.0,675911.0,676604.0,2100,0.0,0.0
2025-01-07 00:00:00-05:00,678759.0,684655.0,676452.0,678560.0,1200,0.0,0.0
2025-01-08 00:00:00-05:00,680601.0,681074.0,674550.0,677925.0,1100,0.0,0.0
2025-01-10 00:00:00-05:00,677258.0,677400.0,660640.0,663000.0,2100,0.0,0.0
2025-01-13 00:00:00-05:00,662295.0,667355.0,660651.0,666280.0,1500,0.0,0.0
2025-01-14 00:00:00-05:00,668593.0,675760.0,666027.0,675760.0,1100,0.0,0.0
2025-01-15 00:00:00-05:00,683047.0,688507.0,680500.0,688500.0,1200,0.0,0.0
2025-01-16 00:00:00-05:00,687763.0,694487.0,685626.0,692904.0,1100,0.0,0.0
2025-01-17 00:00:00-05:00,697790.0,705000.0,693770.0,702760.0,1600,0.0,0.0
2025-01-21 00:00:00-05:00,706486.0,709487.0,701569.0,702553.0,2600,0.0,0.0
2025-01-22 00:00:00-05:00,702701.0,703052.0,682640.0,691500.0,1900,0.0,0.0
2025-01-23 00:00:00-05:00,692579.0,696421.0,688770.0,689400.0,1200,0.0,0.0
2025-01-24 00:00:00-05:00,686545.0,695571.0,684801.0,694602.0,1200,0.0,0.0
2025-01-27 00:00:00-05:00,696479.0,712000.0,695171.0,712000.0,2200,0.0,0.0
2025-01-28 00:00:00-05:00,711229.0,711229.0,703618.0,705000.0,1500,0.0,0.0
2025-01-29 00:00:00-05:00,704935.0,710708.0,703094.0,704680.0,1100,0.0,0.0
2025-01-30 00:00:00-05:00,707271.0,711000.0,703805.0,709084.0,1100,0.0,0.0
2025-01-31 00:00:00-05:00,708044.0,708651.0,700613.0,702614.0,1400,0.0,0.0
2025-02-03 00:00:00-05:00,691287.0,699725.0,682280.0,696552.0,2300,0.0,0.0
2025-02-04 00:00:00-05:00,697041.0,702179.0,694506.0,702179.0,1000,0.0,0.0
2025-02-05 00:00:00-05:00,704532.0,711208.0,702100.0,709840.0,1200,0.0,0.0
2025-02-06 00:00:00-05:00,712341.0,716783.0,709787.0,714869.0,1300,0.0,0.0
2025-02-07 00:00:00-05:00,716732.0,717327.0,708785.0,708903.0,1200,0.0,0.0
2025-02-10 00:00:00-05:00,711319.0,711319.0,703996.0,705959.0,1500,0.0,0.0
2025-02-11 00:00:00-05:00,706000.0,709491.0,700490.0,709489.0,1000,0.0,0.0
2025-02-12 00:00:00-05:00,706215.0,708166.0,702235.0,707500.0,1000,0.0,0.0
2025-02-13 00:00:00-05:00,708308.0,721782.0,706669.0,721500.0,1100,0.0,0.0
2025-02-14 00:00:00-05:00,721061.0,726600.0,719066.0,719146.0,1200,0.0,0.0
2025-02-18 00:00:00-05:00,720975.0,725900.0,716860.0,725000.0,1900,0.0,0.0
2025-02-19 00:00:00-05:00,724125.0,726888.0,720795.0,725883.0,1000,0.0,0.0
2025-02-20 00:00:00-05:00,725313.0,726000.0,717200.0,722980.0,1200,0.0,0.0
2025-02-21 00:00:00-05:00,721103.0,725552.0,716742.0,718750.0,1100,0.0,0.0
2025-02-24 00:00:00-05:00,724726.0,755968.0,722503.0,747485.0,2900,0.0,0.0
2025-02-25 00:00:00-05:00,754050.0,759924.0,737600.0,750041.0,2000,0.0,0.0
2025-02-26 00:00:00-05:00,748186.0,750250.0,739886.0,740998.0,1500,0.0,0.0
2025-02-27 00:00:00-05:00,743491.0,757341.0,741472.0,753380.0,1400,0.0,0.0
2025-02-28 00:00:00-05:00,760420.0,775000.0,756428.0,775000.0,1800,0.0,0.0
2025-03-03 00:00:00-05:00,775648.0,777749.0,759700.0,765160.0,2900,0.0,0.0
2025-03-04 00:00:00-05:00,759915.0,761405.0,740759.0,742800.0,2400,0.0,0.0
2025-03-05 00:00:00-05:00,745891.0,751020.0,738987.0,746940.0,1400,0.0,0.0
2025-03-06 00:00:00-05:00,745145.0,749096.0,738286.0,747110.0,1400,0.0,0.0
2025-03-07 00:00:00-05:00,744600.0,747212.0,735200.0,742901.0,1500,0.0,0.0
2025-03-10 00:00:00-04:00,736299.0,750255.0,734625.0,744944.0,2200,0.0,0.0
2025-03-11 00:00:00-04:00,744256.0,748402.0,737002.0,744708.0,2000,0.0,0.0
2025-03-12 00:00:00-04:00,747915.0,748345.0,733900.0,745682.0,1500,0.0,0.0
2025-03-13 00:00:00-04:00,744972.0,761789.0,741952.0,756910.0,1500,0.0,0.0
2025-03-14 00:00:00-04:00,759622.0,773525.0,754962.0,771250.0,1800,0.0,0.0
2025-03-17 00:00:00-04:00,772036.0,786746.0,770287.0,784957.0,2500,0.0,0.0
2025-03-18 00:00:00-04:00,788495.0,792240.0,781882.0,783684.0,1700,0.0,0.0
2025-03-19 00:00:00-04:00,789633.0,789964.0,781230.0,789880.0,3700,0.0,0.0
2025-03-20 00:00:00-04:00,787528.0,795671.0,784695.0,792880.0,2900,0.0,0.0
2025-03-21 00:00:00-04:00,792675.0,793025.0,781290.0,781680.0,2300,0.0,0.0
2025-03-24 00:00:00-04:00,785498.0,790614.0,782272.0,789649.0,2600,0.0,0.0
2025-03-25 00:00:00-04:00,790645.0,799502.0,788700.0,792966.0,1700,0.0,0.0
2025-03-26 00:00:00-04:00,796054.0,806024.0,794601.0,798963.0,1800,0.0,0.0
2025-03-27 00:00:00-04:00,798427.0,805833.0,794303.0,801950.0,1900,0.0,0.0
2025-03-28 00:00:00-04:00,803222.0,803449.0,787100.0,790250.0,2100,0.0,0.0
2025-03-31 00:00:00-04:00,781811.0,804461.0,778716.0,798442.0,2500,0.0,0.0
2025-04-01 00:00:00-04:00,798058.0,804096.0,791272.0,800300.0,2100,0.0,0.0
2025-04-02 00:00:00-04:00,797927.0,808030.0,795480.0,806684.0,1700,0.0,0.0
2025-04-03 00:00:00-04:00,790616.0,807838.0,786761.0,794514.0,1100,0.0,0.0
2025-04-04 00:00:00-04:00,776929.0,779944.0,739478.0,742540.0,1500,0.0,0.0
2025-04-07 00:00:00-04:00,702098.0,757493.0,695517.0,737000.0,1900,0.0,0.0
2025-04-08 00:00:00-04:00,763357.0,773910.0,726481.0,739101.0,900,0.0,0.0
2025-04-09 00:00:00-04:00,738283.0,784890.0,727962.0,778421.0,900,0.0,0.0
2025-04-10 00:00:00-04:00,777791.0,780269.0,747842.0,774000.0,600,0.0,0.0
2025-04-11 00:00:00-04:00,775969.0,789300.0,766666.0,784000.0,600,0.0,0.0
2025-04-14 00:00:00-04:00,796354.0,804250.0,790050.0,793788.0,700,0.0,0.0
2025-04-15 00:00:00-04:00,799709.0,803560.0,791250.0,792500.0,400,0.0,0.0
2025-04-16 00:00:00-04:00,794256.0,794950.0,769941.0,774261.0,500,0.0,0.0
2025-04-17 00:00:00-04:00,777941.0,785888.0,772940.0,778833.0,300,0.0,0.0
2025-04-21 00:00:00-04:00,775235.0,777363.0,748383.0,760489.0,500,0.0,0.0
2025-04-22 00:00:00-04:00,770396.0,782934.0,767526.0,780000.0,400,0.0,0.0
2025-04-23 00:00:00-04:00,792086.0,798100.0,786000.0,788799.0,500,0.0,0.0
2025-04-24 00:00:00-04:00,789724.0,799022.0,785589.0,797140.0,400,0.0,0.0
2025-04-25 00:00:00-04:00,797963.0,798000.0,790778.0,795760.0,300,0.0,0.0
2025-04-28 00:00:00-04:00,800630.0,804977.0,790120.0,797750.0,500,0.0,0.0
2025-04-29 00:00:00-04:00,798288.0,802868.0,792771.0,801340.0,500,0.0,0.0
2025-04-30 00:00:00-04:00,798258.0,803232.0,786414.0,800540.0,500,0.0,0.0
2025-05-01 00:00:00-04:00,798237.0,799620.0,792772.0,795400.0,400,0.0,0.0
2025-05-02 00:00:00-04:00,803783.0,812855.0,802875.0,809350.0,500,0.0,0.0
2025-05-05 00:00:00-04:00,780921.0,781570.0,754568.0,769960.0,1200,0.0,0.0
2025-05-06 00:00:00-04:00,765369.0,773351.0,761930.0,768000.0,400,0.0,0.0
2025-05-07 00:00:00-04:00,773052.0,780078.0,770000.0,778173.0,300,0.0,0.0
2025-05-08 00:00:00-04:00,780092.0,782014.0,769000.0,769000.0,400,0.0,0.0
2025-05-09 00:00:00-04:00,771754.0,773960.0,765612.0,770999.0,300,0.0,0.0
2025-05-12 00:00:00-04:00,779849.0,779853.0,765615.0,772100.0,600,0.0,0.0
2025-05-13 00:00:00-04:00,771963.0,774033.0,767000.0,767000.0,500,0.0,0.0
2025-05-14 00:00:00-04:00,767778.0,767778.0,753215.0,753215.0,600,0.0,0.0
2025-05-15 00:00:00-04:00,753969.0,764563.0,751890.0,759100.0,400,0.0,0.0
2025-05-16 00:00:00-04:00,762266.0,771080.0,759237.0,770660.0,400,0.0,0.0
2025-05-19 00:00:00-04:00,770318.0,770318.0,765000.0,767200.0,300,0.0,0.0
2025-05-20 00:00:00-04:00,767396.0,768000.0,760000.0,762320.0,300,0.0,0.0
2025-05-21 00:00:00-04:00,761265.0,764503.0,758823.0,761380.0,400,0.0,0.0
2025-05-22 00:00:00-04:00,759110.0,761895.0,754384.0,756250.0,300,0.0,0.0
2025-05-23 00:00:00-04:00,750000.0,758095.0,750000.0,754505.0,300,0.0,0.0
2025-05-27 00:00:00-04:00,759403.0,764310.0,756432.0,760100.0,500,0.0,0.0
2025-05-28 00:00:00-04:00,762239.0,763222.0,754345.0,754820.0,300,0.0,0.0
2025-05-29 00:00:00-04:00,756495.0,759500.0,752142.0,758577.0,400,0.0,0.0
2025-05-30 00:00:00-04:00,757557.0,758243.0,750285.0,757400.0,300,0.0,0.0
2025-06-02 00:00:00-04:00,753280.0,754740.0,749040.0,754740.0,600,0.0,0.0
2025-06-03 00:00:00-04:00,751958.0,753146.0,740100.0,746200.0,700,0.0,0.0
2025-06-04 00:00:00-04:00,744293.0,744293.0,736650.0,737820.0,400,0.0,0.0
2025-06-05 00:00:00-04:00,734037.0,736585.0,729050.0,732953.0,400,0.0,0.0
2025-06-06 00:00:00-04:00,735218.0,743926.0,735218.0,740396.0,400,0.0,0.0
2025-06-09 00:00:00-04:00,741502.0,741502.0,733510.0,739925.0,300,0.0,0.0
2025-06-10 00:00:00-04:00,737601.0,739512.0,734336.0,736000.0,300,0.0,0.0
2025-06-11 00:00:00-04:00,737408.0,739205.0,730230.0,732120.0,300,0.0,0.0
2025-06-12 00:00:00-04:00,729200.0,735000.0,726821.0,735000.0,200,0.0,0.0
2025-06-13 00:00:00-04:00,727532.0,736313.0,727532.0,731220.0,400,0.0,0.0
2025-06-16 00:00:00-04:00,733860.0,736992.875,732029.5625,736162.5,214,0.0,0.0
